{"network_block_model_limit_B_real-exponential_11_clusters": [{"data": [[129, 130, 133, 6, 7, 135, 136, 10, 15, 17, 29, 30, 32, 33, 36, 43, 49, 51, 57, 60, 61, 62, 63, 64, 65, 94, 96, 97, 98, 99, 100, 116, 117, 118, 119, 120, 122, 123, 124, 125, 126], [128, 1, 132, 12, 35, 38, 40, 41, 50, 53, 66, 67, 69, 70, 71, 74, 75, 78, 79, 81, 83, 85, 90, 91, 92, 93, 102, 104, 105, 106, 109, 113], [3, 4, 9, 11, 16, 18, 22, 23, 24, 25, 27, 37, 44, 48, 52, 58, 59, 87, 115, 121, 127], [5, 103, 107, 76, 108, 110, 47, 82, 19, 20, 84, 56, 88, 28, 31], [68, 101, 137, 138, 140, 13, 14, 111, 80, 112, 141], [0, 73, 142, 143, 86, 89], [34, 8, 55, 26, 95], [144, 139, 21, 134], [72, 145, 77, 54], [42, 146, 46, 114], [2, 131, 45, 39]], "stats": {"vi": 3.401173732729205, "nvi": 0.7230331424166814, "nid": 0.5765972404787829, "nmi": 0.4339192029617971, "ami": 0.3227870035635226, "is_min_nid": true, "is_max_ami": true}}], "pac_friends": [{"data": [[129, 2, 3, 4, 130, 6, 7, 131, 133, 136, 11, 15, 16, 17, 18, 23, 25, 27, 29, 30, 32, 33, 36, 39, 43, 44, 45, 48, 49, 51, 57, 58, 59, 60, 61, 62, 63, 65, 87, 96, 98, 99, 100, 115, 116, 117, 118, 119, 120, 121, 122, 123, 124, 125, 126], [0, 1, 128, 5, 12, 13, 19, 20, 28, 31, 35, 38, 40, 41, 47, 50, 53, 56, 66, 67, 68, 69, 70, 71, 73, 74, 75, 76, 78, 79, 80, 81, 82, 83, 84, 85, 88, 89, 90, 91, 92, 93, 101, 102, 103, 104, 105, 106, 107, 108, 109, 110, 111, 112, 113], [97, 34, 37, 8, 9, 10, 46, 114, 52, 21, 22, 55, 24, 26, 127, 94, 95], [132, 137, 138, 141, 14, 145, 54, 86], [144, 139, 135], [64, 134], [72], [146], [77], [42], [140], [142], [143]], "stats": {"vi": 2.9748631401414505, "nvi": 0.7217429218726892, "nid": 0.6272772113207862, "nmi": 0.4416526364050263, "ami": 0.2884285639197421}}], "network_block_model_limit_B_discrete-binomial_10_clusters": [{"data": [[129, 130, 3, 6, 7, 10, 15, 17, 23, 29, 30, 32, 33, 36, 43, 49, 51, 57, 60, 61, 62, 63, 65, 96, 97, 98, 99, 100, 116, 117, 118, 119, 120, 122, 123, 124, 125, 126], [128, 1, 12, 35, 40, 41, 53, 66, 67, 69, 71, 75, 78, 79, 85, 90, 91, 92, 93, 102, 104, 106, 113], [4, 133, 135, 136, 11, 16, 18, 22, 25, 27, 37, 44, 48, 52, 59, 64, 87, 94, 115, 121, 127], [132, 5, 38, 70, 103, 105, 74, 107, 108, 109, 110, 47, 81, 82, 19, 83, 84, 28], [68, 101, 137, 138, 76, 13, 14, 111, 80, 112, 50, 140, 20, 141, 56, 88, 31], [72, 42, 77, 46, 145, 114, 146, 54], [134, 9, 139, 144, 24, 58], [34, 8, 21, 55, 26, 95], [0, 73, 142, 143, 86, 89], [2, 131, 45, 39]], "stats": {"vi": 3.498835366844412, "nvi": 0.7314945788055602, "nid": 0.5826304858785727, "nmi": 0.42338472718510606, "ami": 0.3216838900746174, "is_min_nid": true, "is_max_ami": true}}], "network_block_model_auto_B_discrete-geometric_mcmc_sweep_True": [{"data": [[129, 130, 136, 10, 15, 29, 30, 32, 33, 36, 43, 51, 57, 60, 61, 62, 63, 64, 65, 94, 96, 98, 99, 100, 116, 117, 118, 119, 120, 122, 123, 124, 125], [128, 1, 132, 12, 35, 38, 40, 41, 50, 53, 66, 67, 69, 70, 71, 74, 75, 78, 79, 81, 82, 83, 85, 90, 91, 92, 93, 102, 104, 105, 106, 109, 113], [3, 4, 133, 6, 7, 135, 9, 11, 16, 17, 18, 22, 23, 25, 27, 37, 44, 48, 49, 52, 87, 97, 115, 121, 126, 127], [5, 137, 138, 140, 13, 14, 141, 19, 20, 28, 31, 47, 56, 68, 76, 80, 84, 88, 101, 103, 107, 108, 110, 111, 112], [134, 139, 144, 21, 24, 58, 59], [34, 8, 46, 55, 26, 95], [0, 73, 142, 143, 86, 89], [72, 77, 145, 114, 146, 54], [2, 131, 45, 39], [42]], "stats": {"vi": 3.3080557247422178, "nvi": 0.7195925242157615, "nid": 0.5810800616361993, "nmi": 0.43845212123375005, "ami": 0.33196888803358343}}], "k_means_11_clusters": [{"data": [[129, 130, 3, 6, 7, 10, 15, 17, 23, 29, 30, 32, 33, 36, 43, 49, 51, 60, 61, 62, 63, 65, 94, 96, 97, 98, 99, 100, 116, 117, 118, 119, 120, 122, 123, 124, 125, 126], [4, 9, 11, 16, 18, 22, 24, 25, 27, 37, 44, 48, 115, 52, 121, 58, 59, 127], [134, 8, 72, 77, 142, 143, 145, 146, 21, 26, 95, 34, 42, 46, 114, 54, 55], [128, 1, 66, 35, 67, 69, 102, 71, 132, 41, 74, 106, 53, 93], [5, 38, 70, 103, 104, 105, 12, 92, 19, 90, 91, 28], [75, 76, 78, 79, 80, 81, 50, 82, 83, 84, 85, 113], [40, 107, 108, 109, 110, 47, 20, 56, 88, 31], [0, 68, 101, 73, 13, 111, 112, 89], [144, 133, 87, 135, 136, 57, 139], [86, 137, 138, 140, 141, 14], [64, 2, 131, 39, 45]], "stats": {"vi": 3.0544598024257996, "nvi": 0.654338543132442, "nid": 0.49646392176438503, "nmi": 0.5138476383381002, "ami": 0.4131189047325705, "is_min_nid": true, "is_max_ami": true}}], "pac_selective_friends": [{"data": [[129, 2, 3, 4, 130, 6, 7, 131, 133, 10, 11, 135, 136, 139, 15, 16, 17, 18, 144, 23, 25, 27, 29, 30, 32, 33, 36, 37, 39, 43, 44, 45, 48, 49, 51, 52, 57, 58, 59, 60, 61, 62, 63, 64, 65, 87, 94, 96, 97, 98, 99, 100, 115, 116, 117, 118, 119, 120, 121, 122, 123, 124, 125, 126], [128, 1, 132, 5, 137, 138, 12, 140, 14, 141, 142, 19, 20, 28, 31, 35, 38, 40, 41, 47, 50, 53, 56, 66, 67, 69, 70, 71, 74, 75, 76, 78, 79, 80, 81, 82, 83, 84, 85, 88, 90, 91, 92, 93, 102, 103, 104, 105, 106, 107, 108, 109, 110, 113], [34, 21, 55, 26, 95], [68, 101, 13, 111, 112], [24, 9, 22, 127], [0, 73], [86], [145], [89], [77], [72], [8], [114], [54], [146], [46], [42], [143], [134]], "stats": {"vi": 2.8924451964552813, "nvi": 0.7040172132216858, "nid": 0.6048121485642315, "nmi": 0.4624185183868767, "ami": 0.2826273551231637}}], "network_block_model_auto_B_real-exponential_mcmc_sweep_True": [{"data": [[129, 130, 3, 133, 6, 7, 135, 136, 10, 11, 15, 17, 29, 30, 32, 33, 36, 43, 49, 51, 60, 61, 62, 63, 64, 65, 87, 94, 96, 97, 98, 99, 100, 116, 117, 118, 119, 120, 122, 123, 124, 125, 126], [128, 1, 132, 12, 35, 38, 40, 41, 50, 53, 66, 67, 69, 70, 71, 74, 75, 78, 79, 81, 83, 85, 90, 91, 92, 93, 102, 104, 105, 106, 109, 113], [5, 137, 138, 140, 13, 14, 141, 19, 20, 28, 31, 47, 56, 68, 76, 80, 82, 84, 88, 101, 103, 107, 108, 110, 111, 112], [4, 134, 9, 139, 16, 144, 18, 21, 22, 23, 24, 25, 27, 37, 44, 48, 52, 58, 59, 115, 121, 127], [2, 131, 39, 45, 57], [34, 8, 55, 26, 95], [0, 73, 86, 89], [72, 145, 77, 54], [42, 146, 46, 114], [142, 143]], "stats": {"vi": 3.29535752231671, "nvi": 0.7272233402168642, "nid": 0.598304278182934, "nmi": 0.4295993818822325, "ami": 0.31398346228222085}}], "pac_value_function": [{"data": [[129, 130, 3, 4, 6, 7, 8, 9, 10, 11, 15, 16, 17, 18, 21, 22, 23, 24, 25, 26, 27, 29, 30, 32, 33, 34, 36, 37, 43, 44, 48, 49, 51, 52, 55, 59, 60, 61, 62, 63, 65, 94, 95, 96, 97, 98, 99, 100, 115, 116, 117, 118, 119, 120, 121, 122, 123, 124, 125, 126, 127], [86], [106], [145], [89], [77], [105], [58], [93], [54], [112], [47], [68], [74], [46], [144], [2], [104], [110], [64], [102], [88], [128], [0], [91], [66], [111], [139], [138], [73], [85], [13], [92], [53], [137], [75], [5], [87], [12], [50], [133], [20], [84], [142], [76], [56], [1], [108], [81], [72], [39], [71], [69], [31], [41], [101], [113], [67], [146], [107], [70], [38], [35], [40], [57], [28], [78], [79], [109], [90], [14], [82], [141], [45], [114], [135], [132], [83], [136], [131], [103], [42], [140], [80], [143], [134], [19]], "stats": {"vi": 3.323913915083856, "nvi": 0.5967714769203887, "nid": 0.5260404827797087, "nmi": 0.5881589856502241, "ami": 0.14355473721374012}}],