{"network_block_model_limit_B_real-exponential_11_clusters": [{"data": [[0, 10, 31, 34, 36, 44, 58, 59, 62, 63, 64, 65, 67, 68, 70, 72, 79, 80, 81, 82, 90, 92, 93, 94, 97, 115, 119], [2, 5, 6, 13, 15, 21, 27, 30, 32, 42, 43, 45, 52, 53, 57, 83, 84, 85, 87, 104, 108, 110, 113, 117, 120], [38, 103, 8, 105, 106, 107, 109, 111, 112, 49, 116, 54, 55, 86, 26, 88, 29], [33, 3, 102, 7, 39, 14, 46, 16, 50, 51, 114, 22, 23, 24], [96, 98, 4, 71, 41, 73, 77, 18, 25, 91, 95], [128, 99, 100, 69, 11, 12, 89, 60, 127], [66, 75, 78, 48, 17, 124, 28, 125], [9, 76, 20, 56, 122, 123], [101, 37, 74, 47, 61], [40, 1, 35, 118], [121, 129, 19, 126]], "stats": {"vi": 3.308615585422463, "nvi": 0.6921710235323133, "nid": 0.5356399855992006, "nmi": 0.47079260945819407, "ami": 0.3539184165220703, "is_min_nid": true, "is_max_ami": true}}], "pac_friends": [{"data": [[1, 2, 3, 5, 6, 8, 13, 14, 15, 16, 21, 23, 24, 26, 27, 29, 30, 32, 38, 39, 43, 45, 46, 50, 51, 52, 53, 54, 55, 56, 57, 76, 84, 85, 86, 87, 88, 102, 103, 104, 105, 106, 107, 108, 109, 110, 111, 113, 116, 117, 118, 120, 123], [0, 4, 10, 11, 17, 18, 25, 31, 34, 36, 37, 41, 44, 47, 48, 58, 59, 60, 61, 62, 63, 64, 65, 66, 67, 68, 69, 70, 71, 72, 73, 74, 77, 78, 79, 80, 81, 82, 89, 90, 91, 92, 93, 94, 95, 96, 97, 98, 99, 100, 101, 115], [33, 35, 40, 42, 112, 49, 114, 83, 22, 122], [128, 75, 12, 28, 119, 124, 125, 127], [129, 126, 9], [19, 20, 7], [121]], "stats": {"vi": 2.63621391982733, "nvi": 0.692590104828702, "nid": 0.6204366496013771, "nmi": 0.4842860551548212, "ami": 0.318943552235144}}], "network_block_model_limit_B_discrete-binomial_10_clusters": [{"data": [[0, 10, 31, 36, 37, 47, 58, 59, 61, 63, 65, 67, 68, 74, 79, 80, 81, 82, 90, 92, 94, 101, 115], [8, 26, 29, 38, 45, 52, 53, 54, 55, 57, 84, 86, 88, 103, 104, 106, 107, 109, 110, 111, 112, 116], [64, 96, 34, 97, 4, 98, 70, 71, 72, 41, 73, 119, 25, 91, 93, 62, 95], [33, 3, 102, 39, 122, 9, 42, 76, 108, 14, 46, 83, 24, 56, 123, 120], [32, 2, 5, 6, 105, 43, 13, 15, 49, 113, 21, 85, 87, 117, 27, 30], [99, 100, 75, 11, 78, 124, 89, 60, 125, 127], [128, 66, 69, 12, 44, 77, 48, 17, 18, 28], [7, 16, 50, 51, 20, 114, 22, 23], [121, 129, 19, 126], [40, 1, 35, 118]], "stats": {"vi": 3.3705970048786185, "nvi": 0.7034659803589172, "nid": 0.5459899442928076, "nmi": 0.45743869053362285, "ami": 0.35014764806296317, "is_min_nid": true}}], "network_block_model_auto_B_discrete-geometric_mcmc_sweep_True": [{"data": [[2, 5, 6, 8, 13, 15, 26, 27, 29, 30, 32, 38, 43, 45, 52, 53, 54, 55, 56, 57, 83, 84, 85, 86, 87, 103, 104, 105, 107, 110, 111, 112, 113, 117, 120, 122, 123], [4, 10, 34, 41, 44, 58, 62, 64, 70, 71, 72, 73, 79, 80, 81, 90, 91, 93, 95, 96, 97, 98, 119], [128, 11, 12, 17, 18, 25, 28, 48, 60, 66, 69, 75, 77, 78, 89, 99, 100, 124, 125, 127], [33, 3, 102, 7, 39, 9, 42, 76, 108, 14, 46, 16, 114, 51, 20, 21, 23, 24], [0, 65, 67, 36, 37, 68, 101, 74, 47, 63, 82, 115, 59, 92, 61, 94, 31], [1, 35, 40, 106, 109, 49, 116, 118, 88], [129, 50, 19, 22, 121, 126]], "stats": {"vi": 3.2158009733565205, "nvi": 0.7208424945639614, "nid": 0.5960197325373711, "nmi": 0.43788940251099817, "ami": 0.32909589814592716}}], "k_means_15_clusters": [{"data": [[8, 84, 86, 87, 88, 26, 29, 38, 103, 104, 105, 106, 107, 109, 110, 111, 112, 113, 52, 53, 54, 55, 116, 57, 117], [64, 34, 4, 73, 17, 119, 94, 25, 91, 92, 93, 62], [32, 33, 3, 5, 102, 39, 42, 108, 14, 51, 23, 24], [0, 37, 90, 47, 63, 82, 115, 58, 59, 61, 31], [2, 6, 43, 13, 45, 15, 46, 21, 85, 27, 30], [96, 97, 98, 36, 41, 77, 48, 18, 28, 95], [65, 66, 67, 68, 101, 70, 71, 72, 74, 44], [99, 100, 69, 89, 11, 60, 78], [16, 114, 19, 20, 22, 7, 121], [128, 124, 75, 12, 125, 127], [49, 56, 122, 123, 76, 120], [40, 1, 35, 118], [80, 81, 10, 79], [129, 50, 126], [9, 83]], "stats": {"vi": 2.73765031313297, "nvi": 0.5778444268622018, "nid": 0.4527909838930264, "nmi": 0.595836960109747, "ami": 0.43423429193394203, "is_min_nid": true}}], "pac_selective_friends": [{"data": [[1, 2, 3, 129, 5, 6, 8, 9, 13, 14, 15, 16, 21, 23, 24, 26, 27, 29, 30, 32, 33, 35, 38, 39, 40, 42, 43, 45, 46, 49, 50, 52, 53, 54, 55, 56, 57, 76, 83, 84, 85, 86, 87, 88, 102, 103, 104, 105, 106, 107, 108, 109, 110, 111, 112, 113, 116, 117, 118, 120, 122, 123, 126], [0, 128, 4, 10, 12, 17, 18, 25, 28, 31, 34, 36, 37, 41, 44, 47, 48, 58, 59, 61, 62, 63, 64, 65, 66, 67, 68, 69, 70, 71, 72, 73, 74, 77, 79, 80, 81, 82, 90, 91, 92, 93, 94, 95, 96, 97, 98, 101, 115, 119, 124, 125, 127], [99, 100, 11, 89, 60], [7, 114, 51, 20, 22], [121], [75], [78], [19]], "stats": {"vi": 2.504454408813823, "nvi": 0.6957736963405412, "nid": 0.6447746532048153, "nmi": 0.4912595459827606, "ami": 0.29834439428798026}}], "network_block_model_auto_B_real-exponential_mcmc_sweep_True": [{"data": [[2, 5, 6, 8, 9, 13, 15, 20, 21, 26, 27, 29, 30, 32, 33, 38, 42, 43, 45, 52, 53, 54, 55, 56, 57, 76, 83, 84, 85, 86, 87, 103, 104, 105, 107, 108, 110, 111, 113, 117, 120, 122, 123], [0, 10, 31, 34, 36, 37, 44, 47, 58, 59, 61, 62, 63, 64, 65, 67, 68, 72, 74, 79, 80, 81, 82, 90, 92, 94, 97, 101, 115, 119], [129, 3, 102, 7, 39, 14, 46, 16, 50, 19, 51, 114, 22, 23, 24, 121, 126], [96, 128, 98, 4, 69, 70, 71, 41, 73, 12, 77, 18, 25, 91, 93, 95], [66, 99, 100, 11, 75, 60, 78, 48, 17, 124, 89, 28, 125, 127], [1, 35, 40, 106, 109, 112, 49, 116, 118, 88]], "stats": {"vi": 3.106200031806483, "nvi": 0.7230668660096168, "nid": 0.6140883034437968, "nmi": 0.43711838750992715, "ami": 0.32190160982190835}}], "pac_value_function": [{"data": [[2, 3, 5, 6, 8, 9, 13, 14, 15, 16, 20, 21, 22, 23, 24, 26, 27, 29, 30, 32, 33, 38, 39, 42, 43, 45, 46, 49, 50, 51, 52, 54, 55, 57, 76, 83, 84, 85, 86, 87, 88, 102, 103, 104, 105, 107, 108, 109, 110, 111, 112, 113, 114, 116, 120, 123], [91], [40], [62], [99], [106], [127], [56], [66], [89], [28], [10], [25], [1], [18], [36], [78], [79], [77], [81], [94], [117], [96], [73], [90], [72], [122], [71], [121], [82], [92], [69], [31], [41], [58], [93], [61], [101], [115], [48], [11], [17], [35], [44], [67], [53], [47], [68], [74], [75], [37], [60], [63], [118], [70], [97], [59], [80], [12], [125], [4], [95], [100], [126], [34], [129], [64], [119], [7], [65], [98], [124], [19], [128], [0]], "stats": {"vi": 3.151922591472573, "nvi": 0.5861093505120416, "nid": 0.507650875587426, "nmi": 0.596223198616998, "ami": 0.16090807517156416}}], "network_block_model_auto_B_discrete-binomial_mcmc_sweep_True": [{"data": [[86], [32], [49], [106], [89], [10], [120], [18], [77], [94], [33], [23], [24], [121], [105], [16], [58], [93], [54], [44], [112], [47], [68], [74], [37], [46], [97], [2], [104], [34], [110], [64], [102], [3], [88], [123], [128], [0], [91], [127], [66], [25], [111], [96], [73], [85], [13], [92], [22], [53], [26], [51], [75], [63], [60], [5], [87], [15], [12], [50], [20], [84], [62], [52], [99], [76], [56], [43], [116], [1], [108], [81], [72], [39], [71], [115], [69], [31], [41], [101], [61], [48], [17], [113], [67], [118], [107], [70], [59], [38], [100], [129], [65], [98], [6], [35], [40], [57], [28], [78], [36], [30], [79], [117], [109], [90], [14], [122], [27], [8], [82], [45], [114], [83], [11], [9], [103], [55], [42], [80], [125], [4], [95], [126], [119], [7], [29], [124], [19], [21]], "stats": {"vi": 3.9396204295654633, "nvi": 0.561010265263572, "nid": 0.561010265263572, "nmi": 0.6625630043523622, "ami": -1.0408073564933282e-14}}], "network_block_model_limit_B_discrete-geometric_10_clusters": [{"data": [[5, 6, 9, 13, 15, 26, 27, 30, 32, 43, 45, 52, 53, 56, 57, 76, 83, 84, 85, 86, 87, 104, 110, 113, 117, 120, 122, 123], [10, 31, 34, 36, 44, 58, 59, 62, 64, 65, 67, 70, 72, 79, 80, 81, 90, 92, 93, 94, 97, 115, 119], [33, 2, 3, 102, 7, 39, 42, 108, 14, 46, 16, 114, 51, 20, 21, 22, 23, 24], [38, 103, 8, 105, 106, 107, 109, 111, 112, 49, 116, 54, 55, 88, 29], [128, 99, 100, 75, 11, 12, 78, 124, 89, 60, 125, 127], [96, 98, 4, 69, 71, 41, 73, 18, 91, 95], [0, 68, 37, 101, 74, 47, 82, 61, 63], [66, 77, 48, 17, 25, 28], [129, 50, 19, 121, 126], [40, 1, 35, 118]], "stats": {"vi": 3.3591140748259196,