{"pac_friends": [{"data": [[1, 2, 3, 5, 6, 8, 13, 14, 15, 16, 21, 23, 24, 26, 27, 29, 30, 32, 38, 39, 43, 45, 46, 50, 51, 52, 53, 54, 55, 56, 57, 76, 84, 85, 86, 87, 88, 102, 103, 104, 105, 106, 107, 108, 109, 110, 111, 113, 116, 117, 118, 120, 123], [0, 4, 10, 11, 17, 18, 25, 31, 34, 36, 37, 41, 44, 47, 48, 58, 59, 60, 61, 62, 63, 64, 65, 66, 67, 68, 69, 70, 71, 72, 73, 74, 77, 78, 79, 80, 81, 82, 89, 90, 91, 92, 93, 94, 95, 96, 97, 98, 99, 100, 101, 115], [33, 35, 40, 42, 112, 49, 114, 83, 22, 122], [128, 75, 12, 28, 119, 124, 125, 127], [129, 126, 9], [19, 20, 7], [121]], "stats": {"vi": 2.63621391982733, "nvi": 0.692590104828702, "nid": 0.6204366496013771, "nmi": 0.4842860551548212, "ami": 0.318943552235144}}], "network_block_model_auto_B_discrete-geometric_mcmc_sweep_True": [{"data": [[2, 5, 6, 8, 13, 15, 26, 27, 29, 30, 32, 38, 43, 45, 52, 53, 54, 55, 56, 57, 83, 84, 85, 86, 87, 103, 104, 105, 107, 110, 111, 112, 113, 117, 120, 122, 123], [4, 10, 34, 41, 44, 58, 62, 64, 70, 71, 72, 73, 79, 80, 81, 90, 91, 93, 95, 96, 97, 98, 119], [128, 11, 12, 17, 18, 25, 28, 48, 60, 66, 69, 75, 77, 78, 89, 99, 100, 124, 125, 127], [33, 3, 102, 7, 39, 9, 42, 76, 108, 14, 46, 16, 114, 51, 20, 21, 23, 24], [0, 65, 67, 36, 37, 68, 101, 74, 47, 63, 82, 115, 59, 92, 61, 94, 31], [1, 35, 40, 106, 109, 49, 116, 118, 88], [129, 50, 19, 22, 121, 126]], "stats": {"vi": 3.2158009733565205, "nvi": 0.7208424945639614, "nid": 0.5960197325373711, "nmi": 0.43788940251099817, "ami": 0.32909589814592716}}], "pac_selective_friends": [{"data": [[1, 2, 3, 129, 5, 6, 8, 9, 13, 14, 15, 16, 21, 23, 24, 26, 27, 29, 30, 32, 33, 35, 38, 39, 40, 42, 43, 45, 46, 49, 50, 52, 53, 54, 55, 56, 57, 76, 83, 84, 85, 86, 87, 88, 102, 103, 104, 105, 106, 107, 108, 109, 110, 111, 112, 113, 116, 117, 118, 120, 122, 123, 126], [0, 128, 4, 10, 12, 17, 18, 25, 28, 31, 34, 36, 37, 41, 44, 47, 48, 58, 59, 61, 62, 63, 64, 65, 66, 67, 68, 69, 70, 71, 72, 73, 74, 77, 79, 80, 81, 82, 90, 91, 92, 93, 94, 95, 96, 97, 98, 101, 115, 119, 124, 125, 127], [99, 100, 11, 89, 60], [7, 114, 51, 20, 22], [121], [75], [78], [19]], "stats": {"vi": 2.504454408813823, "nvi": 0.6957736963405412, "nid": 0.6447746532048153, "nmi": 0.4912595459827606, "ami": 0.29834439428798026}}], "pac_value_function": [{"data": [[1, 2, 3, 5, 6, 8, 9, 13, 14, 15, 16, 20, 21, 22, 23, 24, 26, 27, 29, 30, 32, 33, 35, 38, 39, 40, 42, 43, 45, 46, 49, 50, 51, 52, 53, 54, 55, 56, 57, 76, 83, 84, 85, 86, 87, 88, 102, 103, 104, 105, 106, 107, 108, 109, 110, 111, 112, 113, 114, 116, 117, 118, 120, 123], [91], [62], [99], [127], [66], [89], [28], [10], [25], [18], [36], [78], [79], [81], [77], [94], [96], [73], [90], [72], [122], [71], [121], [82], [92], [115], [69], [31], [41], [58], [93], [61], [101], [48], [11], [17], [44], [67], [47], [68], [74], [37], [63], [60], [75], [70], [97], [59], [80], [12], [125], [4], [95], [100], [126], [34], [129], [64], [119], [7], [65], [98], [124], [19], [128], [0]], "stats": {"vi": 3.1899293481706343, "nvi": 0.6169361088756652, "nid": 0.5131721020171716, "nmi": 0.5592742255044496, "ami": 0.15683123982507302}}], "network_block_model_auto_B_real-normal_mcmc_sweep_True": [{"data": [[0, 115, 94, 90, 59, 62, 31], [34, 67, 82, 58, 92, 93, 63], [103, 8, 107, 86, 57, 26], [104, 45, 53, 87, 27, 30], [2, 6, 43, 13, 15, 21], [3, 42, 14, 51, 23, 24], [38, 110, 52, 84, 29], [99, 100, 89, 60, 127], [4, 70, 73, 17, 25], [64, 65, 68, 74, 119], [32, 5, 113, 117, 85], [33, 102, 39, 108, 46], [98, 71, 72, 41, 95], [128, 11, 124, 125], [96, 97, 91, 36], [120, 9, 123, 76], [40, 1, 35, 118], [80, 81, 10, 79], [112, 106, 54, 55], [101, 61, 37, 47], [88, 109, 111], [50, 22, 7], [16, 114, 20], [12, 69, 44], [105, 83, 116], [48, 18, 28], [56, 49, 122], [121, 19], [129, 126], [66, 77], [75, 78]], "stats": {"vi": 3.6993434284657685, "nvi": 0.6350024906385283, "nid": 0.5633141442377316, "nmi": 0.5488266040245919, "ami": 0.21743266576982198}}], "k_auto_means": [{"data": [[2, 5, 6, 8, 9, 13, 15, 21, 26, 27, 29, 30, 32, 33, 38, 39, 43, 45, 46, 52, 53, 54, 55, 57, 83, 84, 85, 86, 87, 88, 102, 103, 104, 105, 106, 107, 108, 109, 110, 111, 112, 113, 116, 117], [0, 4, 10, 17, 25, 31, 34, 37, 44, 47, 58, 59, 61, 62, 63, 64, 65, 66, 67, 68, 70, 71, 72, 73, 74, 79, 80, 81, 82, 90, 91, 92, 93, 94, 101, 115, 119], [69, 11, 77, 78, 18, 89, 28, 95, 96, 97, 98, 99, 36, 100, 41, 48, 60], [121, 3, 7, 42, 14, 16, 50, 19, 20, 51, 22, 23, 24, 114], [1, 129, 35, 40, 76, 49, 118, 56, 122, 123, 120, 126], [128, 124, 75, 12, 125, 127]], "stats": {"vi": 2.6267097412903935, "nvi": 0.6561390770329856, "nid": 0.5534592802551861, "nmi": 0.5172963815126738, "ami": 0.3903378571646941}}]}