{"pac_likes": [{"data": [[128, 1, 2, 3, 4, 129, 6, 7, 11, 15, 16, 17, 18, 24, 25, 27, 29, 30, 32, 33, 35, 36, 37, 38, 39, 40, 43, 44, 49, 50, 51, 53, 61, 63, 65, 67, 69, 70, 74, 78, 79, 81, 82, 83, 85, 90, 92, 93, 94, 96, 98, 99, 100, 102, 104, 106, 110, 116, 117, 118, 119, 120, 122, 123, 124, 125, 126, 127], [132, 133, 136, 137, 138, 139, 109, 14, 141, 144, 145, 146, 115, 20, 54, 87, 88, 57], [97, 68, 5, 101, 71, 9, 41, 12, 13, 80, 84, 21, 22, 23, 121, 26], [108, 47, 91, 60, 62], [107, 113, 52, 58, 59], [66, 131, 105, 75, 19], [56, 111, 45, 103], [0, 8, 34, 77], [10, 95, 55], [89, 42], [114, 46], [64, 48], [140, 135], [112, 134], [76, 31], [73, 28], [86], [130], [72], [143], [142]], "stats": {"vi": 4.459019748830355, "nvi": 0.8492959613444764, "nid": 0.7428654130952608, "nmi": 0.26197925371363345, "ami": 0.049112652426322276}}], "pac_friends": [{"data": [[129, 2, 3, 4, 130, 6, 7, 131, 133, 136, 11, 15, 16, 17, 18, 23, 25, 27, 29, 30, 32, 33, 36, 39, 43, 44, 48, 49, 51, 52, 57, 58, 59, 60, 61, 62, 63, 65, 87, 94, 96, 98, 99, 100, 115, 116, 117, 118, 119, 120, 121, 122, 123, 124, 125, 126], [0, 1, 128, 5, 12, 13, 19, 20, 28, 31, 35, 38, 40, 41, 47, 50, 53, 56, 66, 67, 68, 69, 70, 71, 73, 74, 75, 76, 78, 79, 80, 81, 82, 83, 84, 85, 88, 89, 90, 91, 92, 93, 101, 102, 103, 104, 105, 106, 107, 108, 109, 110, 111, 112, 113], [97, 34, 37, 134, 135, 8, 9, 10, 45, 46, 114, 21, 22, 55, 24, 26, 127, 95], [132, 137, 138, 141, 14, 145, 54, 86], [144, 139], [72], [64], [146], [77], [42], [140], [142], [143]], "stats": {"vi": 2.9200289643577175, "nvi": 0.7179872235869849, "nid": 0.6272698736201032, "nmi": 0.4472877976061081, "ami": 0.2924679635357927}}], "value_function": [{"data": [[0, 1, 2, 128, 131, 5, 12, 13, 19, 20, 23, 28, 31, 35, 38, 39, 40, 41, 45, 47, 50, 53, 56, 66, 67, 68, 69, 70, 71, 73, 74, 75, 76, 78, 79, 80, 81, 82, 83, 84, 85, 88, 89, 90, 91, 92, 93, 101, 102, 103, 104, 105, 106, 107, 108, 109, 110, 111, 112, 113], [129, 130, 3, 6, 7, 9, 11, 15, 16, 17, 21, 22, 25, 29, 30, 32, 36, 37, 43, 44, 48, 49, 51, 52, 55, 58, 59, 60, 61, 62, 63, 65, 94, 96, 97, 98, 99, 100, 117, 118, 119, 120, 121, 122, 123, 124, 125, 126], [136, 27], [86], [127], [145], [57], [10], [116], [18], [77], [139], [138], [33], [72], [14], [24], [8], [141], [115], [114], [135], [132], [54], [26], [137], [146], [46], [42], [140], [87], [4], [143], [95], [144], [134], [34], [133], [64], [142]], "stats": {"vi": 3.013210491300964, "nvi": 0.6665095400510964, "nid": 0.5100386927235792, "nmi": 0.5002854957084313, "ami": 0.290321711894928}}], "network_block_model_auto_B_discrete-geometric_mcmc_sweep_True": [{"data": [[129, 130, 136, 10, 15, 29, 30, 32, 33, 36, 43, 51, 57, 60, 61, 62, 63, 64, 65, 94, 96, 98, 99, 100, 116, 117, 118, 119, 120, 122, 123, 124, 125], [128, 1, 132, 12, 35, 38, 40, 41, 50, 53, 66, 67, 69, 70, 71, 74, 75, 78, 79, 81, 82, 83, 85, 90, 91, 92, 93, 102, 104, 105, 106, 109, 113], [3, 4, 133, 6, 7, 135, 9, 11, 16, 17, 18, 22, 23, 25, 27, 37, 44, 48, 49, 52, 87, 97, 115, 121, 126, 127], [5, 137, 138, 140, 13, 14, 141, 19, 20, 28, 31, 47, 56, 68, 76, 80, 84, 88, 101, 103, 107, 108, 110, 111, 112], [134, 139, 144, 21, 24, 58, 59], [34, 8, 46, 55, 26, 95], [0, 73, 142, 143, 86, 89], [72, 77, 145, 114, 146, 54], [2, 131, 45, 39], [42]], "stats": {"vi": 3.3080557247422178, "nvi": 0.7195925242157615, "nid": 0.5810800616361993, "nmi": 0.43845212123375005, "ami": 0.33196888803358343}}], "pac_selective_friends": [{"data": [[129, 2, 3, 4, 130, 6, 7, 131, 133, 10, 11, 135, 136, 139, 15, 16, 17, 18, 144, 23, 25, 27, 29, 30, 32, 33, 36, 37, 39, 43, 44, 45, 48, 49, 51, 52, 57, 58, 60, 61, 62, 63, 64, 65, 87, 94, 96, 97, 98, 99, 100, 115, 116, 117, 118, 119, 120, 121, 122, 123, 124, 125, 126], [128, 1, 132, 5, 137, 138, 12, 13, 14, 140, 141, 142, 19, 20, 28, 31, 35, 38, 40, 41, 47, 50, 53, 56, 66, 67, 68, 69, 70, 71, 74, 75, 76, 78, 79, 80, 81, 82, 83, 84, 85, 88, 90, 91, 92, 93, 101, 102, 103, 104, 105, 106, 107, 108, 109, 110, 111, 112, 113], [9, 22, 24, 59, 127], [34, 21, 55, 26, 95], [0, 73], [72], [134], [86], [54], [145], [8], [89], [46], [146], [77], [42], [114], [143]], "stats": {"vi": 2.786577587626171, "nvi": 0.6993491211622411, "nid": 0.6106906330387256, "nmi": 0.4706564271818226, "ami": 0.2869018578175092}}], "pac_value_function": [{"data": [[129, 130, 3, 4, 6, 7, 8, 9, 10, 11, 15, 16, 17, 18, 21, 22, 23, 24, 25, 26, 27, 29, 30, 32, 33, 34, 36, 37, 43, 44, 48, 49, 51, 52, 55, 59, 60, 61, 62, 63, 65, 94, 95, 96, 97, 98, 99, 100, 115, 116, 117, 118, 119, 120, 121, 122, 123, 124, 125, 126, 127], [86], [106], [145], [89], [77], [105], [58], [93], [54], [112], [47], [68], [74], [46], [144], [2], [104], [110], [64], [102], [88], [128], [0], [91], [66], [111], [139], [138], [73], [85], [13], [92], [53], [137], [75], [5], [87], [12], [50], [133], [20], [84], [142], [76], [56], [1], [108], [81], [72], [39], [71], [69], [31], [41], [101], [113], [67], [146], [107], [70], [38], [35], [40], [57], [28], [78], [79], [109], [90], [14], [82], [141], [45], [114], [135], [132], [83], [136], [131], [103], [42], [140], [80], [143], [134], [19]], "stats": {"vi": 3.323913915083856, "nvi": 0.5967714769203887, "nid": 0.5260404827797087, "nmi": 0.5881589856502241, "ami": 0.14355473721374012}}], "network_block_model_auto_B_real-normal_mcmc_sweep_True": [{"data": [[65, 98, 99, 10, 29, 51, 116, 117, 61], [33, 3, 7, 15, 17, 49, 23, 30], [66, 38, 71, 104, 105, 78, 113, 93], [128, 1, 67, 35, 102, 70, 106], [137, 138, 13, 141, 80, 50], [4, 59, 16, 48, 25, 27], [0, 73, 142, 143, 86, 89], [107, 110, 47, 82, 83], [37, 44, 115, 52, 121], [72, 42, 77, 145, 54], [5, 81, 19, 84, 28], [119, 120, 125, 62, 63], [32, 96, 43, 123, 60], [68, 101, 140, 111, 112], [132, 74, 75, 79, 85], [97, 130, 36, 6, 126], [136, 11, 133, 87], [34, 21, 95, 55], [40, 108, 109, 103], [56, 20, 14, 31], [2, 131, 45, 39], [90, 91, 12, 92], [64, 57, 135], [24, 9, 58], [114, 46, 146], [129, 118, 94], [18, 22, 127], [8, 26, 134], [41, 69, 53], [124, 122, 100], [144, 139], [88, 76]], "stats": {"vi": 4.040015492398032, "nvi": 0.6720652915695369, "nid": 0.5981432663921713, "nmi": 0.507390969636802, "ami": 0.19190726767844166}}], "k_auto_means": [{"data": [[130, 3, 6, 7, 10, 11, 15, 17, 23, 29, 30, 32, 33, 36, 43, 49, 51, 60, 61, 62, 63, 65, 94, 96, 97, 98, 99, 100, 116, 117, 118, 120, 123, 124, 125, 126], [134, 8, 72, 139, 77, 142, 143, 144, 145, 146, 21, 26, 95, 34, 42, 46, 114, 54, 55], [5, 70, 75, 12, 76, 78, 79, 80, 81, 82, 19, 83, 84, 85, 90, 28, 103, 113, 50], [128, 1, 66, 67, 132, 69, 71, 74, 92, 93, 35, 38, 102, 104, 41, 105, 106, 53], [4, 9, 16, 18, 22, 24, 25, 27, 37, 44, 48, 115, 52, 121, 58, 59, 127], [40, 91, 107, 108, 109, 110, 47, 20, 56, 88, 31], [64, 2, 131, 133, 39, 135, 136, 45, 87, 57], [0, 68, 101, 73, 13, 111, 112, 89], [86, 137, 138, 140, 141, 14], [129, 122, 119]], "stats": {"vi": 3.292950827513083, "nvi": 0.6979352937105647, "nid": 0.536846085742205, "nmi": 0.4639787608280773, "ami": 0.3735764684189334}}], "boolean": [{"data": [[1, 2, 3, 4, 5, 6, 7, 11, 12, 14, 15, 16, 17, 18, 19, 20, 23, 24, 25, 27, 29, 30, 31, 32, 33, 35, 36, 37, 38, 39, 40, 43, 44, 47, 48, 49, 50, 51, 52, 53, 54, 56, 57, 58, 59, 60, 61, 62, 63, 65, 66, 67, 69, 70, 71, 74, 75, 76, 78, 79, 81, 82, 83, 84, 85, 86, 87, 88, 90, 91, 92, 93, 94, 96, 98, 99, 100, 102, 104, 105, 106, 107, 108, 109, 110, 113, 115, 116, 117, 118, 119, 120, 121, 122, 123, 124, 125, 126, 127, 128, 129, 130, 131, 132, 133, 135, 136, 137, 138, 139, 140, 141, 144, 145, 146], [0, 134, 8, 9, 10, 13, 142, 143, 21, 22, 26, 28, 34, 41, 42, 45, 46, 55, 64, 68, 72, 73, 77, 80, 89, 95, 97, 101, 103, 114], [112, 111]], "stats": {"vi": 3.7161010900412625, "nvi": 0.975025959739339, "nid": 0.9690674717950145, "nmi": 0.05958268714954039, "ami": 0.00484132732565995}}],