{"network_block_model_limit_B_real-exponential_10_clusters": [{"data": [[128, 1, 132, 12, 35, 38, 40, 41, 50, 53, 66, 67, 69, 70, 71, 74, 75, 78, 79, 81, 82, 83, 84, 85, 90, 91, 92, 93, 102, 104, 105, 106, 109, 113], [130, 3, 133, 6, 7, 135, 136, 11, 15, 17, 23, 29, 30, 33, 36, 48, 49, 51, 60, 61, 64, 65, 87, 94, 96, 97, 98, 99, 117, 121, 123, 126], [5, 137, 138, 140, 13, 14, 141, 19, 20, 28, 31, 47, 56, 68, 76, 80, 86, 88, 101, 103, 107, 108, 110, 111, 112], [32, 129, 100, 10, 43, 116, 118, 119, 120, 57, 122, 124, 125, 62, 63], [4, 37, 9, 59, 44, 16, 18, 115, 52, 22, 24, 25, 58, 27, 127], [72, 42, 77, 145, 114, 146, 54], [34, 8, 46, 55, 26, 95], [0, 73, 142, 143, 89], [144, 139, 21, 134], [2, 131, 45, 39]], "stats": {"vi": 3.350157401198863, "nvi": 0.7167863500346576, "nid": 0.5698252291834784, "is_min_nid": true}}], "pac_friends": [{"data": [[129, 2, 3, 4, 130, 6, 7, 131, 133, 136, 11, 15, 16, 17, 18, 23, 25, 27, 29, 30, 32, 33, 36, 39, 43, 44, 45, 48, 49, 51, 57, 58, 59, 60, 61, 62, 63, 65, 87, 96, 98, 99, 100, 115, 116, 117, 118, 119, 120, 121, 122, 123, 124, 125, 126], [0, 1, 128, 5, 12, 13, 19, 20, 28, 31, 35, 38, 40, 41, 47, 50, 53, 56, 66, 67, 68, 69, 70, 71, 73, 74, 75, 76, 78, 79, 80, 81, 82, 83, 84, 85, 88, 89, 90, 91, 92, 93, 101, 102, 103, 104, 105, 106, 107, 108, 109, 110, 111, 112, 113], [97, 34, 37, 8, 9, 10, 46, 114, 52, 21, 22, 55, 24, 26, 127, 94, 95], [132, 137, 138, 141, 14, 145, 54, 86], [144, 139, 135], [64, 134], [72], [146], [77], [42], [140], [142], [143]], "stats": {"vi": 2.9748631401414505, "nvi": 0.7217429218726892, "nid": 0.6272772113207862}}], "network_block_model_limit_B_discrete-binomial_10_clusters": [{"data": [[129, 130, 3, 6, 7, 10, 15, 17, 23, 29, 30, 32, 33, 36, 43, 49, 51, 57, 60, 61, 62, 63, 65, 96, 97, 98, 99, 100, 116, 117, 118, 119, 120, 122, 123, 124, 125, 126], [4, 133, 135, 136, 9, 11, 16, 18, 22, 24, 25, 27, 37, 44, 48, 52, 58, 59, 64, 87, 94, 115, 121, 127], [128, 1, 12, 35, 40, 41, 53, 66, 67, 69, 71, 75, 78, 79, 85, 90, 91, 92, 93, 102, 104, 106, 113], [68, 101, 137, 138, 76, 13, 14, 111, 80, 112, 50, 19, 20, 140, 141, 56, 88, 31], [132, 5, 70, 38, 103, 105, 74, 107, 108, 109, 110, 47, 81, 82, 83, 84, 28], [34, 134, 8, 139, 144, 21, 55, 26, 95], [72, 42, 77, 46, 145, 114, 146, 54], [0, 73, 142, 143, 86, 89], [131, 39], [2, 45]], "stats": {"vi": 3.4988264747641944, "nvi": 0.7374244119833394, "nid": 0.5951310145244832, "is_min_nid": true}}], "k_means_146_clusters": [{"data": [[43, 147, 78], [86], [32], [49], [106], [145], [89], [10], [120], [18], [77], [94], [33], [23], [24], [121], [105], [16], [58], [93], [54], [44], [112], [47], [68], [74], [37], [46], [97], [144], [2], [104], [34], [110], [64], [102], [3], [88], [123], [128], [0], [91], [127], [66], [25], [111], [139], [96], [138], [73], [85], [13], [92], [22], [53], [26], [137], [51], [75], [63], [60], [5], [87], [15], [12], [50], [133], [20], [84], [142], [62], [52], [99], [76], [56], [116], [1], [108], [81], [72], [39], [71], [115], [69], [31], [41], [101], [61], [48], [17], [113], [67], [146], [118], [107], [70], [59], [38], [100], [129], [65], [98], [6], [35], [40], [57], [28], [36], [30], [79], [117], [109], [130], [90], [14], [122], [27], [8], [82], [141], [45], [114], [135], [83], [132], [11], [136], [9], [103], [131], [55], [42], [80], [140], [125], [4], [143], [95], [134], [126], [119], [7], [29], [124], [19], [21]], "stats": {"vi": 4.116113577561841, "nvi": 0.5748167218828785, "nid": 0.5757992081602876, "is_min_nid": true}}], "pac_selective_friends": [{"data": [[129, 2, 3, 4, 130, 6, 7, 131, 133, 10, 11, 135, 136, 139, 15, 16, 17, 18, 144, 23, 25, 27, 29, 30, 32, 33, 36, 37, 39, 43, 44, 45, 48, 49, 51, 52, 57, 58, 59, 60, 61, 62, 63, 64, 65, 87, 94, 96, 97, 98, 99, 100, 115, 116, 117, 118, 119, 120, 121, 122, 123, 124, 125, 126], [128, 1, 132, 5, 137, 138, 12, 140, 14, 141, 142, 19, 20, 28, 31, 35, 38, 40, 41, 47, 50, 53, 56, 66, 67, 69, 70, 71, 74, 75, 76, 78, 79, 80, 81, 82, 83, 84, 85, 88, 90, 91, 92, 93, 102, 103, 104, 105, 106, 107, 108, 109, 110, 113], [34, 21, 55, 26, 95], [68, 101, 13, 111, 112], [24, 9, 22, 127], [0, 73], [86], [145], [89], [77], [72], [8], [114], [54], [146], [46], [42], [143], [134]], "stats": {"vi": 2.8924451964552813, "nvi": 0.7040172132216858, "nid": 0.6048121485642315}}], "pac_value_function": [{"data": [[129, 130, 3, 4, 6, 7, 8, 9, 10, 11, 15, 16, 17, 18, 21, 22, 23, 24, 25, 26, 27, 29, 30, 32, 33, 34, 36, 37, 43, 44, 48, 49, 51, 52, 55, 59, 60, 61, 62, 63, 65, 94, 95, 96, 97, 98, 99, 100, 115, 116, 117, 118, 119, 120, 121, 122, 123, 124, 125, 126, 127], [86], [106], [145], [89], [77], [105], [58], [93], [54], [112], [47], [68], [74], [46], [144], [2], [104], [110], [64], [102], [88], [128], [0], [91], [66], [111], [139], [138], [73], [85], [13], [92], [53], [137], [75], [5], [87], [12], [50], [133], [20], [84], [142], [76], [56], [1], [108], [81], [72], [39], [71], [69], [31], [41], [101], [113], [67], [146], [107], [70], [38], [35], [40], [57], [28], [78], [79], [109], [90], [14], [82], [141], [45], [114], [135], [132], [83], [136], [131], [103], [42], [140], [80], [143], [134], [19]], "stats": {"vi": 3.323913915083856, "nvi": 0.5967714769203887, "nid": 0.5260404827797087}}], "network_block_model_auto_B_real-normal": [{"data": [[65, 98, 99, 10, 15, 29, 51, 116, 117, 61], [128, 1, 67, 35, 70, 102, 104, 106, 78], [38, 103, 40, 105, 108, 109, 84, 91], [5, 107, 110, 47, 81, 82, 19, 28], [66, 69, 71, 41, 113, 53, 93], [100, 119, 120, 122, 125, 62, 63], [33, 3, 7, 17, 49, 23, 30], [34, 134, 8, 21, 55, 26, 95], [4, 59, 11, 16, 48, 25, 27], [137, 138, 13, 141, 80, 50], [0, 73, 142, 143, 86, 89], [132, 74, 75, 79, 83, 85], [76, 14, 20, 56, 88, 31], [32, 96, 43, 124, 123, 60], [97, 130, 36, 37, 6, 126], [72, 42, 77, 145, 54], [64, 135, 18, 22, 127], [68, 101, 140, 111, 112], [136, 57, 133, 87], [2, 131, 45, 39], [121, 115, 44, 52], [24, 9, 58], [114, 46, 146], [129, 118, 94], [90, 12, 92], [144, 139]], "stats": {"vi": 4.1330092051115805, "nvi": 0.6994100794100423, "nid": 0.6145604808045193}}], "network_block_model_auto_B_real-exponential": [{"data": [[129, 130, 133, 6, 7, 135, 136, 10, 15, 17, 29, 30, 32, 33, 36, 43, 49, 51, 57, 60, 61, 62, 63, 64, 65, 94, 96, 97, 98, 99, 100, 116, 117, 118, 119, 120, 122, 123, 124, 125, 126], [128, 1, 132, 12, 35, 38, 40, 41, 50, 53, 66, 67, 69, 70, 71, 74, 75, 78, 79, 81, 82, 83, 85, 90, 91, 92, 93, 102, 104, 105, 106, 109, 113], [5, 137, 138, 140, 13, 14, 141, 19, 20, 28, 31, 47, 56, 68, 76, 80, 84, 88, 101, 103, 107, 108, 110, 111, 112], [3, 4, 9, 11, 16, 18, 22, 23, 24, 25, 27, 37, 44, 48, 52, 58, 59, 87, 115, 121, 127], [72, 42, 77, 145, 114, 146, 54], [0, 73, 142, 143, 86, 89], [134, 139, 144, 21, 55], [34, 8, 46, 26, 95], [2, 131, 45, 39]], "stats": {"vi": 3.308856030446197, "nvi": 0.7280100295381555, "nid": 0.5982566766889572}}], "network_block_model_limit_B_real-normal_14_clusters": [{"data": [[3, 7, 10, 15, 17, 23, 29, 30, 32, 33, 43, 49, 51, 60, 61, 62, 63, 65, 96, 98, 99, 100, 116, 117, 119, 120, 122, 123, 124, 125, 126], [128, 1, 35, 38, 40, 41, 53, 66, 67, 69, 71, 78, 84, 93, 102, 103, 104, 105, 106, 108, 109, 113], [129, 4, 133, 135, 136, 59, 11, 16, 48, 118, 87, 25, 27, 94, 57], [132, 5, 70, 74, 75, 107, 110, 47, 79, 81, 82, 19, 83, 85, 28], [68, 101, 137, 138, 140, 13, 141, 111, 112, 86, 89], [97, 130, 36, 37, 6, 44, 115, 52, 121], [76, 14, 80, 50, 20, 56, 88, 31], [34, 134, 8, 21, 55, 26, 95], [64, 9, 18, 22, 24, 58, 127], [2, 131, 39, 139, 45, 144], [72, 42, 77, 145, 54], [0, 73, 142, 143], [90, 91, 12, 92], [114, 46, 146]], "stats": {"vi": 3.5590830585099384, "nvi": 0.7035750433931796, "nid": 0.569228696825045, "is_min_nid": true}}],