{"pac_friends": [{"data": [[129, 2, 3, 4, 130, 6, 7, 131, 133, 136, 11, 15, 16, 17, 18, 23, 25, 27, 29, 30, 32, 33, 36, 39, 43, 44, 45, 48, 49, 51, 57, 58, 59, 60, 61, 62, 63, 65, 87, 96, 98, 99, 100, 115, 116, 117, 118, 119, 120, 121, 122, 123, 124, 125, 126], [0, 1, 128, 5, 12, 13, 19, 20, 28, 31, 35, 38, 40, 41, 47, 50, 53, 56, 66, 67, 68, 69, 70, 71, 73, 74, 75, 76, 78, 79, 80, 81, 82, 83, 84, 85, 88, 89, 90, 91, 92, 93, 101, 102, 103, 104, 105, 106, 107, 108, 109, 110, 111, 112, 113], [97, 34, 37, 8, 9, 10, 46, 114, 52, 21, 22, 55, 24, 26, 127, 94, 95], [132, 137, 138, 141, 14, 145, 54, 86], [144, 139, 135], [64, 134], [72], [146], [77], [42], [140], [142], [143]], "stats": {"vi": 2.9748631401414505, "nvi": 0.7217429218726892, "nid": 0.6272772113207862}}], "network_block_model_discrete-binomial_10_clusters": [{"data": [[128, 1, 132, 12, 35, 38, 40, 41, 53, 66, 67, 69, 70, 71, 74, 75, 78, 79, 81, 83, 85, 90, 91, 92, 93, 102, 104, 105, 106, 109, 113], [5, 137, 138, 140, 13, 14, 141, 19, 20, 28, 31, 47, 50, 56, 68, 76, 80, 82, 84, 88, 101, 103, 107, 108, 110, 111, 112], [129, 10, 29, 32, 43, 51, 60, 61, 62, 63, 65, 96, 98, 99, 100, 116, 117, 119, 120, 122, 123, 124, 125], [121, 4, 37, 59, 44, 16, 48, 18, 115, 52, 22, 25, 27, 127], [33, 97, 3, 36, 130, 6, 7, 15, 17, 49, 23, 126, 30], [34, 58, 134, 8, 9, 139, 144, 21, 55, 24, 26, 95], [64, 133, 135, 136, 11, 118, 87, 57, 94], [72, 42, 77, 46, 145, 114, 146, 54], [0, 73, 142, 143, 86, 89], [2, 131, 45, 39]], "stats": {"vi": 3.5070896265095426, "nvi": 0.7262386623400089, "nid": 0.5703697197589839, "is_min_nid": true}}], "k_means_146_clusters": [{"data": [[43, 147, 78], [86], [32], [49], [106], [145], [89], [10], [120], [18], [77], [94], [33], [23], [24], [121], [105], [16], [58], [93], [54], [44], [112], [47], [68], [74], [37], [46], [97], [144], [2], [104], [34], [110], [64], [102], [3], [88], [123], [128], [0], [91], [127], [66], [25], [111], [139], [96], [138], [73], [85], [13], [92], [22], [53], [26], [137], [51], [75], [63], [60], [5], [87], [15], [12], [50], [133], [20], [84], [142], [62], [52], [99], [76], [56], [116], [1], [108], [81], [72], [39], [71], [115], [69], [31], [41], [101], [61], [48], [17], [113], [67], [146], [118], [107], [70], [59], [38], [100], [129], [65], [98], [6], [35], [40], [57], [28], [36], [30], [79], [117], [109], [130], [90], [14], [122], [27], [8], [82], [141], [45], [114], [135], [83], [132], [11], [136], [9], [103], [131], [55], [42], [80], [140], [125], [4], [143], [95], [134], [126], [119], [7], [29], [124], [19], [21]], "stats": {"vi": 4.116113577561841, "nvi": 0.5748167218828785, "nid": 0.5757992081602876, "is_min_nid": true}}], "pac_selective_friends": [{"data": [[129, 2, 3, 4, 130, 6, 7, 131, 133, 10, 11, 135, 136, 139, 15, 16, 17, 18, 144, 23, 25, 27, 29, 30, 32, 33, 36, 37, 39, 43, 44, 45, 48, 49, 51, 52, 57, 58, 59, 60, 61, 62, 63, 64, 65, 87, 94, 96, 97, 98, 99, 100, 115, 116, 117, 118, 119, 120, 121, 122, 123, 124, 125, 126], [128, 1, 132, 5, 137, 138, 12, 140, 14, 141, 142, 19, 20, 28, 31, 35, 38, 40, 41, 47, 50, 53, 56, 66, 67, 69, 70, 71, 74, 75, 76, 78, 79, 80, 81, 82, 83, 84, 85, 88, 90, 91, 92, 93, 102, 103, 104, 105, 106, 107, 108, 109, 110, 113], [34, 21, 55, 26, 95], [68, 101, 13, 111, 112], [24, 9, 22, 127], [0, 73], [86], [145], [89], [77], [72], [8], [114], [54], [146], [46], [42], [143], [134]], "stats": {"vi": 2.8924451964552813, "nvi": 0.7040172132216858, "nid": 0.6048121485642315}}], "pac_value_function": [{"data": [[129, 130, 3, 4, 6, 7, 8, 9, 10, 11, 15, 16, 17, 18, 21, 22, 23, 24, 25, 26, 27, 29, 30, 32, 33, 34, 36, 37, 43, 44, 48, 49, 51, 52, 55, 59, 60, 61, 62, 63, 65, 94, 95, 96, 97, 98, 99, 100, 115, 116, 117, 118, 119, 120, 121, 122, 123, 124, 125, 126, 127], [86], [106], [145], [89], [77], [105], [58], [93], [54], [112], [47], [68], [74], [46], [144], [2], [104], [110], [64], [102], [88], [128], [0], [91], [66], [111], [139], [138], [73], [85], [13], [92], [53], [137], [75], [5], [87], [12], [50], [133], [20], [84], [142], [76], [56], [1], [108], [81], [72], [39], [71], [69], [31], [41], [101], [113], [67], [146], [107], [70], [38], [35], [40], [57], [28], [78], [79], [109], [90], [14], [82], [141], [45], [114], [135], [132], [83], [136], [131], [103], [42], [140], [80], [143], [134], [19]], "stats": {"vi": 3.323913915083856, "nvi": 0.5967714769203887, "nid": 0.5260404827797087}}], "network_block_model_real-normal_19_clusters": [{"data": [[128, 1, 35, 38, 40, 41, 53, 66, 67, 69, 71, 78, 84, 93, 102, 103, 104, 105, 106, 108, 109, 113], [32, 33, 65, 96, 98, 99, 10, 43, 51, 61, 116, 117, 123, 60, 29, 30], [132, 5, 70, 74, 75, 107, 110, 47, 79, 81, 82, 19, 83, 85, 28], [97, 130, 3, 36, 37, 6, 7, 15, 17, 49, 23, 126], [68, 101, 137, 138, 140, 13, 141, 111, 112], [76, 14, 80, 50, 20, 56, 88, 31], [100, 119, 120, 122, 124, 125, 62, 63], [34, 134, 8, 21, 55, 26, 95], [64, 135, 9, 18, 22, 24, 127], [2, 131, 39, 139, 45, 144, 58], [129, 133, 136, 118, 87, 57, 94], [11, 44, 115, 52, 121, 27], [72, 42, 77, 145, 54], [4, 16, 48, 25, 59], [90, 91, 12, 92], [89, 73, 86], [0, 142, 143], [114, 46, 146]], "stats": {"vi": 3.7421709348452614, "nvi": 0.6959190351835909, "nid": 0.5844973667363542, "is_min_nid": true}}]}