{"pac_enemies": [{"data": [[129, 130, 3, 133, 6, 7, 10, 15, 17, 23, 29, 30, 32, 33, 36, 37, 43, 49, 51, 57, 60, 61, 62, 63, 65, 94, 96, 97, 98, 99, 100, 116, 117, 118, 119, 120, 121, 122, 123, 124, 125, 126], [128, 1, 12, 35, 38, 40, 41, 53, 66, 67, 69, 70, 71, 74, 75, 78, 79, 81, 82, 83, 84, 85, 90, 91, 92, 93, 102, 103, 104, 105, 106, 108, 109, 113], [5, 107, 76, 110, 47, 19, 20, 88, 28], [4, 16, 48, 18, 22, 25, 59, 127], [64, 136, 11, 44, 115, 52, 87, 27], [34, 21, 95, 55], [80, 101, 68, 13], [2, 131, 45, 39], [137, 138], [8, 26], [132, 14], [112, 111], [144, 139], [24, 9], [56, 31], [89, 73], [86], [145], [77], [72], [141], [114], [58], [135], [54], [146], [46], [42], [140], [143], [50], [134], [142], [0]], "stats": {"vi": 3.3835805580058533, "nvi": 0.6666953925110763, "nid": 0.5415300183432326, "nmi": 0.5020283923725422, "ami": 0.2712447054891434}}], "pac_friends": [{"data": [[129, 2, 3, 4, 130, 6, 7, 131, 133, 136, 11, 15, 16, 17, 18, 23, 25, 27, 29, 30, 32, 33, 36, 39, 43, 44, 48, 49, 51, 52, 57, 58, 59, 60, 61, 62, 63, 65, 87, 94, 96, 98, 99, 100, 115, 116, 117, 118, 119, 120, 121, 122, 123, 124, 125, 126], [0, 1, 128, 5, 12, 13, 19, 20, 28, 31, 35, 38, 40, 41, 47, 50, 53, 56, 66, 67, 68, 69, 70, 71, 73, 74, 75, 76, 78, 79, 80, 81, 82, 83, 84, 85, 88, 89, 90, 91, 92, 93, 101, 102, 103, 104, 105, 106, 107, 108, 109, 110, 111, 112, 113], [97, 34, 37, 134, 135, 8, 9, 10, 45, 46, 114, 21, 22, 55, 24, 26, 127, 95], [132, 137, 138, 141, 14, 145, 54, 86], [144, 139], [72], [64], [146], [77], [42], [140], [142], [143]], "stats": {"vi": 2.9200289643577175, "nvi": 0.7179872235869849, "nid": 0.6272698736201032, "nmi": 0.4472877976061081, "ami": 0.2924679635357927}}], "sbm_real-normal": [{"data": [[65, 98, 99, 10, 29, 51, 116, 117, 61], [33, 3, 7, 15, 17, 49, 23, 30], [66, 38, 71, 104, 105, 78, 113, 93], [128, 1, 67, 35, 102, 70, 106], [137, 138, 13, 141, 80, 50], [4, 59, 16, 48, 25, 27], [0, 73, 142, 143, 86, 89], [107, 110, 47, 82, 83], [37, 44, 115, 52, 121], [72, 42, 77, 145, 54], [5, 81, 19, 84, 28], [119, 120, 125, 62, 63], [32, 96, 43, 123, 60], [68, 101, 140, 111, 112], [132, 74, 75, 79, 85], [97, 130, 36, 6, 126], [136, 11, 133, 87], [34, 21, 95, 55], [40, 108, 109, 103], [56, 20, 14, 31], [2, 131, 45, 39], [90, 91, 12, 92], [64, 57, 135], [24, 9, 58], [114, 46, 146], [129, 118, 94], [18, 22, 127], [8, 26, 134], [41, 69, 53], [124, 122, 100], [144, 139], [88, 76]], "stats": {"vi": 4.040015492398032, "nvi": 0.6720652915695369, "nid": 0.5981432663921713, "nmi": 0.507390969636802, "ami": 0.19190726767844166}}], "friends": [{"data": [[0, 1, 2, 3, 4, 5, 6, 7, 8, 9, 10, 11, 12, 13, 14, 15, 16, 17, 18, 19, 20, 21, 22, 23, 24, 25, 26, 27, 28, 29, 30, 31, 32, 33, 34, 35, 36, 37, 38, 39, 40, 41, 42, 43, 44, 45, 46, 47, 48, 49, 50, 51, 52, 53, 54, 55, 56, 57, 58, 59, 60, 61, 62, 63, 64, 65, 66, 67, 68, 69, 70, 71, 72, 73, 74, 75, 76, 77, 78, 79, 80, 81, 82, 83, 84, 85, 86, 87, 88, 89, 90, 91, 92, 93, 94, 95, 96, 97, 98, 99, 100, 101, 102, 103, 104, 105, 106, 107, 108, 109, 110, 111, 112, 113, 114, 115, 116, 117, 118, 119, 120, 121, 122, 123, 124, 125, 126, 127, 128, 129, 130, 131, 132, 133, 134, 135, 136, 137, 138, 139, 140, 141, 142, 143, 144, 145, 146]], "stats": {"vi": 3.0771221102941144, "nvi": 1.0, "nid": 1.0, "nmi": -2.5, "ami": -5.208772337623764e-16}}], "value_function": [{"data": [[0, 1, 2, 128, 131, 5, 12, 13, 19, 20, 23, 28, 31, 35, 38, 39, 40, 41, 45, 47, 50, 53, 56, 66, 67, 68, 69, 70, 71, 73, 74, 75, 76, 78, 79, 80, 81, 82, 83, 84, 85, 88, 89, 90, 91, 92, 93, 101, 102, 103, 104, 105, 106, 107, 108, 109, 110, 111, 112, 113], [129, 130, 3, 6, 7, 9, 11, 15, 16, 17, 21, 22, 25, 29, 30, 32, 36, 37, 43, 44, 48, 49, 51, 52, 55, 58, 59, 60, 61, 62, 63, 65, 94, 96, 97, 98, 99, 100, 117, 118, 119, 120, 121, 122, 123, 124, 125, 126], [136, 27], [86], [127], [145], [57], [10], [116], [18], [77], [139], [138], [33], [72], [14], [24], [8], [141], [115], [114], [135], [132], [54], [26], [137], [146], [46], [42], [140], [87], [4], [143], [95], [144], [134], [34], [133], [64], [142]], "stats": {"vi": 3.013210491300964, "nvi": 0.6665095400510964, "nid": 0.5100386927235792, "nmi": 0.5002854957084313, "ami": 0.290321711894928}}], "enemies_selective": [{"data": [[129, 2, 3, 4, 6, 7, 9, 10, 11, 15, 16, 17, 18, 22, 23, 24, 25, 27, 29, 30, 32, 33, 36, 37, 43, 44, 46, 48, 49, 51, 52, 58, 59, 60, 61, 63, 65, 94, 96, 97, 98, 99, 100, 114, 115, 116, 117, 118, 119, 120, 121, 122, 123, 124, 125, 126, 127], [0, 1, 128, 5, 12, 13, 19, 20, 28, 31, 35, 38, 40, 41, 47, 50, 53, 56, 66, 67, 68, 69, 70, 71, 73, 74, 75, 76, 78, 79, 80, 81, 82, 83, 84, 85, 88, 89, 90, 91, 92, 93, 101, 102, 103, 104, 105, 106, 107, 108, 109, 110, 111, 112, 113], [64, 131, 133, 134, 39, 135, 136, 45, 87, 57], [132, 72, 137, 138, 140, 141, 14, 145, 54, 86], [34, 130, 8, 21, 55, 26, 62, 95], [144, 146, 139], [77], [42], [142], [143]], "stats": {"vi": 2.9523148515553803, "nvi": 0.7238986079971448, "nid": 0.6340609172892904, "nmi": 0.4401186048750686, "ami": 0.29273632780127623}}], "pac_value_function": [{"data": [[129, 130, 3, 4, 6, 7, 8, 9, 10, 11, 15, 16, 17, 18, 21, 22, 23, 24, 25, 26, 27, 29, 30, 32, 33, 34, 36, 37, 43, 44, 48, 49, 51, 52, 55, 59, 60, 61, 62, 63, 65, 94, 95, 96, 97, 98, 99, 100, 115, 116, 117, 118, 119, 120, 121, 122, 123, 124, 125, 126, 127], [86], [106], [145], [89], [77], [105], [58], [93], [54], [112], [47], [68], [74], [46], [144], [2], [104], [110], [64], [102], [88], [128], [0], [91], [66], [111], [139], [138], [73], [85], [13], [92], [53], [137], [75], [5], [87], [12], [50], [133], [20], [84], [142], [76], [56], [1], [108], [81], [72], [39], [71], [69], [31], [41], [101], [113], [67], [146], [107], [70], [38], [35], [40], [57], [28], [78], [79], [109], [90], [14], [82], [141], [45], [114], [135], [132], [83], [136], [131], [103], [42], [140], [80], [143], [134], [19]], "stats": {"vi": 3.323913915083856, "nvi": 0.5967714769203887, "nid": 0.5260404827797087, "nmi": 0.5881589856502241, "ami": 0.14355473721374012}}], "pac_boolean": [{"data": [[1, 133, 6, 135, 12, 23, 29, 32, 35, 36, 41, 43, 49, 53, 57, 61, 62, 63, 65, 66, 67, 69, 71, 78, 85, 87, 91, 93, 97, 99, 100, 103, 117, 119, 122, 123, 124, 125, 126], [105, 74, 79], [108, 45, 30], [83, 76], [40, 109], [136, 22], [86], [106], [145], [89], [10], [120], [18], [94], [77], [33], [24], [121], [16], [58], [54], [44], [112], [47], [68], [37], [46], [144], [2], [104], [34], [110], [64], [102], [3], [88], [128], [0], [127], [25], [111], [139], [96], [138], [73], [13], [92], [26], [137], [51], [75], [60], [5], [15], [50], [20], [84], [142], [52], [56], [116], [81], [72], [39], [115], [31], [101], [48], [17], [113], [146], [118], [107], [70], [59], [38], [129], [98], [28], [130], [90], [14], [27], [8], [82], [141], [114], [132], [11], [9], [131], [55], [42], [80], [140], [4], [143], [95], [134], [7], [19], [21]], "stats": {"vi": 4.044971743553086, "nvi": 0.6313359188091017, "nid": 0.5850196977443228, "nmi": 0.56439646637415, "ami": 0.04431113921772974}}], "friends_selective": [{"data": [[129, 2, 3, 4, 130, 6, 7, 131, 9, 10, 11, 133, 135, 136, 15, 16, 17, 18, 22, 23, 24, 25, 27, 29, 30, 32, 33, 36, 37, 39, 43, 44, 45, 48, 49, 51, 52, 57, 58, 59, 60, 61, 62, 63, 64, 65, 87, 94, 96, 97, 98, 99, 100, 115, 116, 117, 118, 119, 120, 121, 122, 123, 124, 125, 126, 127], [128, 1, 132, 5, 137, 138, 12, 13, 14, 140, 141, 19, 20, 28, 31, 35, 38, 40, 41, 47, 50, 53, 56, 66, 67, 68, 69, 70, 71, 74, 75, 76, 78, 79, 80, 81, 82, 83, 84, 85, 88, 90, 91, 92, 93, 101, 102, 103, 104, 105, 106, 107, 108, 109, 110, 111, 112, 113], [34, 8, 21, 55, 26, 95], [0, 73, 89], [144, 139], [72], [86], [54], [134], [145], [146], [46], [77], [143], [42], [114], [142]], "stats": {"vi": 2.7103592537349765, "nvi": 0.6940232795992378, "nid": 0.6116739939795082, "nmi": 0.47891806148416355, "ami": 0.2927676357565012}}],