{"network_block_model_limit_B_real-exponential_11_clusters": [{"data": [[129, 130, 133, 6, 7, 135, 136, 10, 15, 17, 29, 30, 32, 33, 36, 43, 49, 51, 57, 60, 61, 62, 63, 64, 65, 94, 96, 97, 98, 99, 100, 116, 117, 118, 119, 120, 122, 123, 124, 125, 126], [128, 1, 132, 12, 35, 38, 40, 41, 50, 53, 66, 67, 69, 70, 71, 74, 75, 78, 79, 81, 83, 85, 90, 91, 92, 93, 102, 104, 105, 106, 109, 113], [3, 4, 9, 11, 16, 18, 22, 23, 24, 25, 27, 37, 44, 48, 52, 58, 59, 87, 115, 121, 127], [5, 103, 107, 76, 108, 110, 47, 82, 19, 20, 84, 56, 88, 28, 31], [68, 101, 137, 138, 140, 13, 14, 111, 80, 112, 141], [0, 73, 142, 143, 86, 89], [34, 8, 55, 26, 95], [144, 139, 21, 134], [72, 145, 77, 54], [42, 146, 46, 114], [2, 131, 45, 39]], "stats": {"vi": 3.401173732729205, "nvi": 0.7230331424166814, "nid": 0.5765972404787829, "is_min_nid": true}}], "network_block_model_auto_B_mcmc_sweep_discrete-binomial": [{"data": [[86], [32], [49], [106], [145], [89], [10], [120], [18], [77], [94], [33], [23], [24], [121], [105], [16], [58], [93], [54], [44], [112], [47], [68], [74], [37], [46], [97], [144], [2], [104], [34], [110], [64], [102], [3], [88], [123], [128], [0], [91], [127], [66], [25], [111], [139], [96], [138], [73], [85], [13], [92], [22], [53], [26], [137], [51], [75], [63], [60], [5], [87], [15], [12], [50], [133], [20], [84], [142], [62], [52], [99], [76], [56], [43], [116], [1], [108], [81], [72], [39], [71], [115], [69], [31], [41], [101], [61], [48], [17], [113], [67], [146], [118], [107], [70], [59], [38], [100], [129], [65], [98], [6], [35], [40], [57], [28], [78], [36], [30], [79], [117], [109], [130], [90], [14], [122], [27], [8], [82], [141], [45], [114], [135], [83], [132], [11], [136], [9], [103], [131], [55], [42], [80], [140], [125], [4], [143], [95], [134], [126], [119], [7], [29], [124], [19], [21]], "stats": {"vi": 4.122550234542237, "nvi": 0.5726024792640674, "nid": 0.5726024792640674}}], "pac_friends": [{"data": [[129, 2, 3, 4, 130, 6, 7, 131, 133, 136, 11, 15, 16, 17, 18, 23, 25, 27, 29, 30, 32, 33, 36, 39, 43, 44, 45, 48, 49, 51, 57, 58, 59, 60, 61, 62, 63, 65, 87, 96, 98, 99, 100, 115, 116, 117, 118, 119, 120, 121, 122, 123, 124, 125, 126], [0, 1, 128, 5, 12, 13, 19, 20, 28, 31, 35, 38, 40, 41, 47, 50, 53, 56, 66, 67, 68, 69, 70, 71, 73, 74, 75, 76, 78, 79, 80, 81, 82, 83, 84, 85, 88, 89, 90, 91, 92, 93, 101, 102, 103, 104, 105, 106, 107, 108, 109, 110, 111, 112, 113], [97, 34, 37, 8, 9, 10, 46, 114, 52, 21, 22, 55, 24, 26, 127, 94, 95], [132, 137, 138, 141, 14, 145, 54, 86], [144, 139, 135], [64, 134], [72], [146], [77], [42], [140], [142], [143]], "stats": {"vi": 2.9748631401414505, "nvi": 0.7217429218726892, "nid": 0.6272772113207862}}], "network_block_model_limit_B_discrete-binomial_10_clusters": [{"data": [[129, 130, 3, 6, 7, 10, 15, 17, 23, 29, 30, 32, 33, 36, 43, 49, 51, 57, 60, 61, 62, 63, 65, 96, 97, 98, 99, 100, 116, 117, 118, 119, 120, 122, 123, 124, 125, 126], [128, 1, 12, 35, 40, 41, 53, 66, 67, 69, 71, 75, 78, 79, 85, 90, 91, 92, 93, 102, 104, 106, 113], [4, 133, 135, 136, 11, 16, 18, 22, 25, 27, 37, 44, 48, 52, 59, 64, 87, 94, 115, 121, 127], [132, 5, 38, 70, 103, 105, 74, 107, 108, 109, 110, 47, 81, 82, 19, 83, 84, 28], [68, 101, 137, 138, 76, 13, 14, 111, 80, 112, 50, 140, 20, 141, 56, 88, 31], [72, 42, 77, 46, 145, 114, 146, 54], [134, 9, 139, 144, 24, 58], [34, 8, 21, 55, 26, 95], [0, 73, 142, 143, 86, 89], [2, 131, 45, 39]], "stats": {"vi": 3.498835366844412, "nvi": 0.7314945788055602, "nid": 0.5826304858785727, "is_min_nid": true}}], "k_means_146_clusters": [{"data": [[43, 147, 78], [86], [32], [49], [106], [145], [89], [10], [120], [18], [77], [94], [33], [23], [24], [121], [105], [16], [58], [93], [54], [44], [112], [47], [68], [74], [37], [46], [97], [144], [2], [104], [34], [110], [64], [102], [3], [88], [123], [128], [0], [91], [127], [66], [25], [111], [139], [96], [138], [73], [85], [13], [92], [22], [53], [26], [137], [51], [75], [63], [60], [5], [87], [15], [12], [50], [133], [20], [84], [142], [62], [52], [99], [76], [56], [116], [1], [108], [81], [72], [39], [71], [115], [69], [31], [41], [101], [61], [48], [17], [113], [67], [146], [118], [107], [70], [59], [38], [100], [129], [65], [98], [6], [35], [40], [57], [28], [36], [30], [79], [117], [109], [130], [90], [14], [122], [27], [8], [82], [141], [45], [114], [135], [83], [132], [11], [136], [9], [103], [131], [55], [42], [80], [140], [125], [4], [143], [95], [134], [126], [119], [7], [29], [124], [19], [21]], "stats": {"vi": 4.116113577561841, "nvi": 0.5748167218828785, "nid": 0.5757992081602876, "is_min_nid": true}}], "pac_selective_friends": [{"data": [[129, 2, 3, 4, 130, 6, 7, 131, 133, 10, 11, 135, 136, 139, 15, 16, 17, 18, 144, 23, 25, 27, 29, 30, 32, 33, 36, 37, 39, 43, 44, 45, 48, 49, 51, 52, 57, 58, 59, 60, 61, 62, 63, 64, 65, 87, 94, 96, 97, 98, 99, 100, 115, 116, 117, 118, 119, 120, 121, 122, 123, 124, 125, 126], [128, 1, 132, 5, 137, 138, 12, 140, 14, 141, 142, 19, 20, 28, 31, 35, 38, 40, 41, 47, 50, 53, 56, 66, 67, 69, 70, 71, 74, 75, 76, 78, 79, 80, 81, 82, 83, 84, 85, 88, 90, 91, 92, 93, 102, 103, 104, 105, 106, 107, 108, 109, 110, 113], [34, 21, 55, 26, 95], [68, 101, 13, 111, 112], [24, 9, 22, 127], [0, 73], [86], [145], [89], [77], [72], [8], [114], [54], [146], [46], [42], [143], [134]], "stats": {"vi": 2.8924451964552813, "nvi": 0.7040172132216858, "nid": 0.6048121485642315}}], "network_block_model_auto_B_mcmc_sweep_real-exponential": [{"data": [[129, 130, 133, 6, 136, 10, 15, 29, 30, 32, 33, 36, 43, 49, 51, 57, 60, 61, 62, 63, 64, 65, 94, 96, 97, 98, 99, 100, 116, 117, 118, 119, 120, 122, 123, 124, 125, 126], [128, 1, 132, 12, 35, 38, 40, 41, 50, 53, 66, 67, 69, 70, 71, 74, 75, 78, 79, 81, 83, 85, 90, 91, 92, 93, 102, 104, 105, 106, 109, 113], [5, 137, 138, 140, 13, 14, 141, 19, 20, 28, 31, 47, 56, 68, 76, 80, 82, 84, 88, 101, 103, 107, 108, 110, 111, 112], [3, 4, 7, 135, 9, 11, 16, 17, 18, 22, 23, 25, 27, 37, 44, 48, 52, 59, 87, 115, 121, 127], [134, 139, 144, 21, 24, 58], [34, 8, 46, 55, 26, 95], [0, 73, 142, 143, 86, 89], [72, 77, 145, 114, 146, 54], [2, 131, 45, 39], [42]], "stats": {"vi": 3.3664284059297716, "nvi": 0.730010751053595, "nid": 0.5953851047873769}}], "pac_value_function": [{"data": [[129, 130, 3, 4, 6, 7, 8, 9, 10, 11, 15, 16, 17, 18, 21, 22, 23, 24, 25, 26, 27, 29, 30, 32, 33, 34, 36, 37, 43, 44, 48, 49, 51, 52, 55, 59, 60, 61, 62, 63, 65, 94, 95, 96, 97, 98, 99, 100, 115, 116, 117, 118, 119, 120, 121, 122, 123, 124, 125, 126, 127], [86], [106], [145], [89], [77], [105], [58], [93], [54], [112], [47], [68], [74], [46], [144], [2], [104], [110], [64], [102], [88], [128], [0], [91], [66], [111], [139], [138], [73], [85], [13], [92], [53], [137], [75], [5], [87], [12], [50], [133], [20], [84], [142], [76], [56], [1], [108], [81], [72], [39], [71], [69], [31], [41], [101], [113], [67], [146], [107], [70], [38], [35], [40], [57], [28], [78], [79], [109], [90], [14], [82], [141], [45], [114], [135], [132], [83], [136], [131], [103], [42], [140], [80], [143], [134], [19]], "stats": {"vi": 3.323913915083856, "nvi": 0.5967714769203887, "nid": 0.5260404827797087}}], "network_block_model_limit_B_discrete-geometric_11_clusters": [{"data": [[130, 3, 133, 6, 7, 135, 136, 10, 11, 15, 17, 23, 29, 30, 32, 33, 36, 48, 49, 51, 60, 61, 62, 64, 65, 87, 94, 96, 97, 98, 99, 117, 121, 123, 126], [128, 1, 132, 12, 35, 38, 40, 41, 50, 53, 66, 67, 69, 70, 71, 74, 75, 78, 79, 81, 83, 85, 90, 91, 92, 93, 102, 104, 105, 106, 109, 113], [5, 103, 107, 76, 108, 110, 47, 80, 82, 19, 20, 84, 56, 88, 28, 31], [4, 37, 9, 59, 44, 16, 18, 115, 52, 22, 24, 25, 58, 27, 127], [129, 100, 43, 116, 118, 119, 120, 57, 122, 124, 125, 63], [68, 101, 137, 138, 140, 13, 14, 111, 112, 141, 86], [72, 42, 77, 145, 114, 146, 54], [34, 8, 46, 55, 26, 95], [0, 73, 142, 143, 89], [144, 139, 21, 134], [2, 131, 45, 39]], "stats": {"vi": 3.404514056348474, "nvi": 0.7123124522800204, "nid": 0.5531927614347959, "is_min_nid": true}}],