{"network_block_model_limit_B_real-exponential_2_clusters": [{"data": [[129, 2, 3, 4, 130, 6, 7, 8, 9, 10, 11, 131, 133, 134, 15, 16, 17, 18, 139, 144, 21, 22, 23, 24, 25, 26, 27, 29, 30, 32, 33, 34, 36, 37, 39, 135, 42, 43, 44, 45, 136, 48, 49, 51, 52, 55, 57, 58, 59, 60, 61, 62, 63, 64, 65, 87, 94, 95, 96, 97, 98, 99, 100, 115, 116, 117, 118, 119, 120, 121, 122, 123, 124, 125, 126, 127], [0, 1, 128, 132, 5, 137, 138, 12, 13, 14, 140, 141, 142, 143, 19, 20, 145, 146, 28, 31, 35, 38, 40, 41, 46, 47, 50, 53, 54, 56, 66, 67, 68, 69, 70, 71, 72, 73, 74, 75, 76, 77, 78, 79, 80, 81, 82, 83, 84, 85, 86, 88, 89, 90, 91, 92, 93, 101, 102, 103, 104, 105, 106, 107, 108, 109, 110, 111, 112, 113, 114]], "stats": {"vi": 2.401854247800009, "nvi": 0.741525695755149, "nid": 0.7279222116886523, "is_min_vi": true}}], "network_block_model_auto_B_mcmc_sweep_True_real-exponential": [{"data": [[129, 130, 133, 6, 136, 10, 15, 29, 30, 32, 33, 36, 43, 49, 51, 57, 60, 61, 62, 63, 64, 65, 94, 96, 97, 98, 99, 100, 116, 117, 118, 119, 120, 122, 123, 124, 125, 126], [128, 1, 132, 12, 35, 38, 40, 41, 50, 53, 66, 67, 69, 70, 71, 74, 75, 78, 79, 81, 83, 85, 90, 91, 92, 93, 102, 104, 105, 106, 109, 113], [5, 137, 138, 140, 13, 14, 141, 19, 20, 28, 31, 47, 56, 68, 76, 80, 82, 84, 88, 101, 103, 107, 108, 110, 111, 112], [3, 4, 7, 135, 9, 11, 16, 17, 18, 22, 23, 25, 27, 37, 44, 48, 52, 59, 87, 115, 121, 127], [134, 139, 144, 21, 24, 58], [34, 8, 46, 55, 26, 95], [0, 73, 142, 143, 86, 89], [72, 77, 145, 114, 146, 54], [2, 131, 45, 39], [42]], "stats": {"vi": 3.3664284059297716, "nvi": 0.730010751053595, "nid": 0.5953851047873769}}], "network_block_model_auto_B_mcmc_sweep_False_discrete-geometric": [{"data": [[129, 130, 133, 135, 136, 10, 15, 29, 30, 32, 33, 43, 49, 51, 57, 60, 61, 62, 63, 64, 65, 94, 96, 98, 99, 100, 116, 117, 118, 119, 120, 122, 123, 124, 125, 126], [128, 1, 132, 12, 35, 38, 40, 41, 50, 53, 66, 67, 69, 70, 71, 74, 75, 78, 79, 81, 83, 85, 90, 91, 92, 93, 102, 104, 105, 106, 109, 113], [3, 4, 6, 7, 9, 11, 16, 17, 18, 22, 23, 25, 27, 36, 37, 44, 48, 52, 59, 87, 97, 115, 121, 127], [5, 137, 138, 140, 141, 14, 19, 20, 28, 31, 47, 56, 76, 80, 82, 84, 88, 103, 107, 108, 110], [0, 68, 101, 73, 13, 111, 112, 86, 89], [34, 8, 42, 46, 114, 146, 55, 26, 95], [134, 139, 144, 21, 24, 58], [72, 77, 142, 143, 145, 54], [2, 131, 45, 39]], "stats": {"vi": 3.4355711424245134, "nvi": 0.7365994415429991, "nid": 0.6007549672701837}}], "pac_friends": [{"data": [[129, 2, 3, 4, 130, 6, 7, 131, 133, 136, 11, 15, 16, 17, 18, 23, 25, 27, 29, 30, 32, 33, 36, 39, 43, 44, 48, 49, 51, 52, 57, 58, 59, 60, 61, 62, 63, 65, 87, 94, 96, 98, 99, 100, 115, 116, 117, 118, 119, 120, 121, 122, 123, 124, 125, 126], [0, 1, 128, 5, 12, 13, 19, 20, 28, 31, 35, 38, 40, 41, 47, 50, 53, 56, 66, 67, 68, 69, 70, 71, 73, 74, 75, 76, 78, 79, 80, 81, 82, 83, 84, 85, 88, 89, 90, 91, 92, 93, 101, 102, 103, 104, 105, 106, 107, 108, 109, 110, 111, 112, 113], [97, 34, 37, 134, 135, 8, 9, 10, 45, 46, 114, 21, 22, 55, 24, 26, 127, 95], [132, 137, 138, 141, 14, 145, 54, 86], [144, 139], [72], [64], [146], [77], [42], [140], [142], [143]], "stats": {"vi": 2.9200289643577175, "nvi": 0.7179872235869849, "nid": 0.6272698736201032}}], "network_block_model_limit_B_discrete-binomial_2_clusters": [{"data": [[0, 1, 5, 8, 12, 13, 14, 19, 20, 26, 28, 31, 34, 35, 38, 40, 41, 42, 46, 47, 50, 53, 54, 55, 56, 66, 67, 68, 69, 70, 71, 72, 73, 74, 75, 76, 77, 78, 79, 80, 81, 82, 83, 84, 85, 86, 88, 89, 90, 91, 92, 93, 95, 101, 102, 103, 104, 105, 106, 107, 108, 109, 110, 111, 112, 113, 114, 128, 132, 134, 137, 138, 140, 141, 142, 143, 145, 146], [129, 2, 3, 4, 130, 6, 7, 131, 9, 10, 11, 133, 135, 136, 15, 16, 17, 18, 139, 144, 21, 22, 23, 24, 25, 27, 29, 30, 32, 33, 36, 37, 39, 43, 44, 45, 48, 49, 51, 52, 57, 58, 59, 60, 61, 62, 63, 64, 65, 87, 94, 96, 97, 98, 99, 100, 115, 116, 117, 118, 119, 120, 121, 122, 123, 124, 125, 126, 127]], "stats": {"vi": 2.6552114758424725, "nvi": 0.7891109251667214, "nid": 0.7693941018216162, "is_min_vi": true}}], "network_block_model_auto_B_mcmc_sweep_True_discrete-geometric": [{"data": [[130, 3, 133, 6, 7, 135, 136, 10, 11, 15, 17, 23, 29, 30, 32, 33, 36, 43, 48, 49, 51, 60, 61, 62, 63, 64, 65, 87, 94, 96, 97, 98, 99, 116, 117, 118, 120, 121, 123, 126], [128, 1, 132, 12, 35, 38, 40, 41, 50, 53, 66, 67, 69, 70, 71, 74, 75, 78, 79, 81, 82, 83, 85, 90, 91, 92, 93, 102, 104, 105, 106, 109, 113], [4, 134, 9, 139, 16, 144, 18, 21, 22, 24, 25, 27, 37, 44, 52, 58, 59, 115, 127], [5, 103, 107, 76, 108, 110, 47, 80, 19, 20, 84, 56, 88, 28, 31], [129, 2, 131, 100, 39, 45, 119, 57, 122, 124, 125], [0, 68, 101, 73, 13, 111, 112, 89], [137, 138, 140, 141, 14, 86], [72, 77, 142, 143, 145, 54], [34, 8, 55, 26, 95], [42, 146, 46, 114]], "stats": {"vi": 3.5143886750619044, "nvi": 0.7401549224893258, "nid": 0.5990438103861464}}], "k_means_2_clusters": [{"data": [[1, 2, 3, 4, 5, 6, 7, 8, 9, 10, 11, 12, 13, 14, 15, 16, 17, 18, 19, 20, 21, 22, 23, 24, 25, 26, 27, 28, 29, 30, 31, 32, 33, 34, 35, 36, 37, 38, 39, 40, 41, 42, 43, 44, 45, 46, 47, 48, 49, 50, 51, 52, 53, 54, 55, 56, 57, 58, 59, 60, 61, 62, 63, 64, 65, 66, 67, 68, 69, 70, 71, 72, 73, 74, 75, 76, 77, 78, 79, 80, 81, 82, 83, 84, 85, 86, 87, 88, 89, 90, 91, 92, 93, 94, 95, 96, 97, 98, 99, 100, 101, 102, 103, 104, 105, 106, 107, 108, 109, 110, 111, 112, 113, 114, 115, 116, 117, 118, 119, 120, 121, 122, 123, 124, 125, 126, 127, 128, 129, 130, 131, 132, 133, 134, 135, 136, 137, 138, 139, 140, 141, 142, 143, 144, 145, 146, 147], [0]], "stats": {"vi": 3.0664480335107567, "nvi": 0.9906379634431008, "nid": 0.9905482472114577, "is_min_vi": true}}], "pac_selective_friends": [{"data": [[129, 2, 3, 4, 130, 6, 7, 131, 133, 10, 11, 135, 136, 139, 15, 16, 17, 18, 144, 23, 25, 27, 29, 30, 32, 33, 36, 37, 39, 43, 44, 45, 48, 49, 51, 52, 57, 58, 60, 61, 62, 63, 64, 65, 87, 94, 96, 97, 98, 99, 100, 115, 116, 117, 118, 119, 120, 121, 122, 123, 124, 125, 126], [128, 1, 132, 5, 137, 138, 12, 13, 14, 140, 141, 142, 19, 20, 28, 31, 35, 38, 40, 41, 47, 50, 53, 56, 66, 67, 68, 69, 70, 71, 74, 75, 76, 78, 79, 80, 81, 82, 83, 84, 85, 88, 90, 91, 92, 93, 101, 102, 103, 104, 105, 106, 107, 108, 109, 110, 111, 112, 113], [9, 22, 24, 59, 127], [34, 21, 55, 26, 95], [0, 73], [72], [134], [86], [54], [145], [8], [89], [46], [146], [77], [42], [114], [143]], "stats": {"vi": 2.786577587626171, "nvi": 0.6993491211622411, "nid": 0.6106906330387256}}], "pac_value_function": [{"data": [[129, 130, 3, 4, 6, 7, 8, 9, 10, 11, 15, 16, 17, 18, 21, 22, 23, 24, 25, 26, 27, 29, 30, 32, 33, 34, 36, 37, 43, 44, 48, 49, 51, 52, 55, 59, 60, 61, 62, 63, 65, 94, 95, 96, 97, 98, 99, 100, 115, 116, 117, 118, 119, 120, 121, 122, 123, 124, 125, 126, 127], [86], [106], [145], [89], [77], [105], [58], [93], [54], [112], [47], [68], [74], [46], [144], [2], [104], [110], [64], [102], [88], [128], [0], [91], [66], [111], [139], [138], [73], [85], [13], [92], [53], [137], [75], [5], [87], [12], [50], [133], [20], [84], [142], [76], [56], [1], [108], [81], [72], [39], [71], [69], [31], [41], [101], [113], [67], [146], [107], [70], [38], [35], [40], [57], [28], [78], [79], [109], [90], [14], [82], [141], [45], [114], [135], [132], [83], [136], [131], [103], [42], [140], [80], [143], [134], [19]], "stats": {"vi": 3.323913915083856, "nvi": 0.5967714769203887, "nid": 0.5260404827797087}}],