{"network_block_model_limit_B_real-exponential_2_clusters": [{"data": [[129, 2, 3, 4, 130, 6, 7, 8, 9, 10, 11, 131, 133, 134, 15, 16, 17, 18, 139, 144, 21, 22, 23, 24, 25, 26, 27, 29, 30, 32, 33, 34, 36, 37, 39, 135, 42, 43, 44, 45, 136, 48, 49, 51, 52, 55, 57, 58, 59, 60, 61, 62, 63, 64, 65, 87, 94, 95, 96, 97, 98, 99, 100, 115, 116, 117, 118, 119, 120, 121, 122, 123, 124, 125, 126, 127], [0, 1, 128, 132, 5, 137, 138, 12, 13, 14, 140, 141, 142, 143, 19, 20, 145, 146, 28, 31, 35, 38, 40, 41, 46, 47, 50, 53, 54, 56, 66, 67, 68, 69, 70, 71, 72, 73, 74, 75, 76, 77, 78, 79, 80, 81, 82, 83, 84, 85, 86, 88, 89, 90, 91, 92, 93, 101, 102, 103, 104, 105, 106, 107, 108, 109, 110, 111, 112, 113, 114]], "stats": {"vi": 2.401854247800009, "nvi": 0.741525695755149, "nid": 0.7279222116886523, "nmi": 0.47747076334353783, "ami": 0.2607913362331688, "is_min_vi": true, "is_max_nmi": true}}], "pac_friends": [{"data": [[129, 2, 3, 4, 130, 6, 7, 131, 133, 136, 11, 15, 16, 17, 18, 23, 25, 27, 29, 30, 32, 33, 36, 39, 43, 44, 48, 49, 51, 52, 57, 58, 59, 60, 61, 62, 63, 65, 87, 94, 96, 98, 99, 100, 115, 116, 117, 118, 119, 120, 121, 122, 123, 124, 125, 126], [0, 1, 128, 5, 12, 13, 19, 20, 28, 31, 35, 38, 40, 41, 47, 50, 53, 56, 66, 67, 68, 69, 70, 71, 73, 74, 75, 76, 78, 79, 80, 81, 82, 83, 84, 85, 88, 89, 90, 91, 92, 93, 101, 102, 103, 104, 105, 106, 107, 108, 109, 110, 111, 112, 113], [97, 34, 37, 134, 135, 8, 9, 10, 45, 46, 114, 21, 22, 55, 24, 26, 127, 95], [132, 137, 138, 141, 14, 145, 54, 86], [144, 139], [72], [64], [146], [77], [42], [140], [142], [143]], "stats": {"vi": 2.9200289643577175, "nvi": 0.7179872235869849, "nid": 0.6272698736201032, "nmi": 0.4472877976061081, "ami": 0.2924679635357927}}], "network_block_model_limit_B_discrete-binomial_2_clusters": [{"data": [[0, 1, 5, 8, 12, 13, 14, 19, 20, 26, 28, 31, 34, 35, 38, 40, 41, 42, 46, 47, 50, 53, 54, 55, 56, 66, 67, 68, 69, 70, 71, 72, 73, 74, 75, 76, 77, 78, 79, 80, 81, 82, 83, 84, 85, 86, 88, 89, 90, 91, 92, 93, 95, 101, 102, 103, 104, 105, 106, 107, 108, 109, 110, 111, 112, 113, 114, 128, 132, 134, 137, 138, 140, 141, 142, 143, 145, 146], [129, 2, 3, 4, 130, 6, 7, 131, 9, 10, 11, 133, 135, 136, 15, 16, 17, 18, 139, 144, 21, 22, 23, 24, 25, 27, 29, 30, 32, 33, 36, 37, 39, 43, 44, 45, 48, 49, 51, 52, 57, 58, 59, 60, 61, 62, 63, 64, 65, 87, 94, 96, 97, 98, 99, 100, 115, 116, 117, 118, 119, 120, 121, 122, 123, 124, 125, 126, 127]], "stats": {"vi": 2.6552114758424725, "nvi": 0.7891109251667214, "nid": 0.7693941018216162, "nmi": 0.4050709422507415, "ami": 0.21867160055516421, "is_min_vi": true}}], "network_block_model_auto_B_discrete-geometric_mcmc_sweep_True": [{"data": [[129, 130, 136, 10, 15, 29, 30, 32, 33, 36, 43, 51, 57, 60, 61, 62, 63, 64, 65, 94, 96, 98, 99, 100, 116, 117, 118, 119, 120, 122, 123, 124, 125], [128, 1, 132, 12, 35, 38, 40, 41, 50, 53, 66, 67, 69, 70, 71, 74, 75, 78, 79, 81, 82, 83, 85, 90, 91, 92, 93, 102, 104, 105, 106, 109, 113], [3, 4, 133, 6, 7, 135, 9, 11, 16, 17, 18, 22, 23, 25, 27, 37, 44, 48, 49, 52, 87, 97, 115, 121, 126, 127], [5, 137, 138, 140, 13, 14, 141, 19, 20, 28, 31, 47, 56, 68, 76, 80, 84, 88, 101, 103, 107, 108, 110, 111, 112], [134, 139, 144, 21, 24, 58, 59], [34, 8, 46, 55, 26, 95], [0, 73, 142, 143, 86, 89], [72, 77, 145, 114, 146, 54], [2, 131, 45, 39], [42]], "stats": {"vi": 3.3080557247422178, "nvi": 0.7195925242157615, "nid": 0.5810800616361993, "nmi": 0.43845212123375005, "ami": 0.33196888803358343}}], "k_means_2_clusters": [{"data": [[2, 3, 4, 6, 7, 8, 9, 10, 11, 15, 16, 17, 18, 21, 22, 23, 24, 25, 26, 27, 29, 30, 32, 33, 34, 36, 37, 39, 43, 44, 45, 48, 49, 51, 52, 55, 57, 58, 59, 60, 61, 62, 63, 64, 65, 87, 94, 95, 96, 97, 98, 99, 100, 115, 116, 117, 118, 119, 120, 121, 122, 123, 124, 125, 126, 127, 129, 130, 131, 133, 134, 135, 136, 139, 144], [0, 1, 5, 12, 13, 14, 19, 20, 28, 31, 35, 38, 40, 41, 42, 46, 47, 50, 53, 54, 56, 66, 67, 68, 69, 70, 71, 72, 73, 74, 75, 76, 77, 78, 79, 80, 81, 82, 83, 84, 85, 86, 88, 89, 90, 91, 92, 93, 101, 102, 103, 104, 105, 106, 107, 108, 109, 110, 111, 112, 113, 114, 128, 132, 137, 138, 140, 141, 142, 143, 145, 146]], "stats": {"vi": 2.3306090793547583, "nvi": 0.7274707060136907, "nid": 0.7162588107969219, "nmi": 0.49780585837445507, "ami": 0.27263685792642056, "is_min_vi": true}}], "pac_selective_friends": [{"data": [[129, 2, 3, 4, 130, 6, 7, 131, 133, 10, 11, 135, 136, 139, 15, 16, 17, 18, 144, 23, 25, 27, 29, 30, 32, 33, 36, 37, 39, 43, 44, 45, 48, 49, 51, 52, 57, 58, 60, 61, 62, 63, 64, 65, 87, 94, 96, 97, 98, 99, 100, 115, 116, 117, 118, 119, 120, 121, 122, 123, 124, 125, 126], [128, 1, 132, 5, 137, 138, 12, 13, 14, 140, 141, 142, 19, 20, 28, 31, 35, 38, 40, 41, 47, 50, 53, 56, 66, 67, 68, 69, 70, 71, 74, 75, 76, 78, 79, 80, 81, 82, 83, 84, 85, 88, 90, 91, 92, 93, 101, 102, 103, 104, 105, 106, 107, 108, 109, 110, 111, 112, 113], [9, 22, 24, 59, 127], [34, 21, 55, 26, 95], [0, 73], [72], [134], [86], [54], [145], [8], [89], [46], [146], [77], [42], [114], [143]], "stats": {"vi": 2.786577587626171, "nvi": 0.6993491211622411, "nid": 0.6106906330387256, "nmi": 0.4706564271818226, "ami": 0.2869018578175092}}], "network_block_model_auto_B_real-exponential_mcmc_sweep_True": [{"data": [[129, 130, 3, 133, 6, 7, 135, 136, 10, 11, 15, 17, 29, 30, 32, 33, 36, 43, 49, 51, 60, 61, 62, 63, 64, 65, 87, 94, 96, 97, 98, 99, 100, 116, 117, 118, 119, 120, 122, 123, 124, 125, 126], [128, 1, 132, 12, 35, 38, 40, 41, 50, 53, 66, 67, 69, 70, 71, 74, 75, 78, 79, 81, 83, 85, 90, 91, 92, 93, 102, 104, 105, 106, 109, 113], [5, 137, 138, 140, 13, 14, 141, 19, 20, 28, 31, 47, 56, 68, 76, 80, 82, 84, 88, 101, 103, 107, 108, 110, 111, 112], [4, 134, 9, 139, 16, 144, 18, 21, 22, 23, 24, 25, 27, 37, 44, 48, 52, 58, 59, 115, 121, 127], [2, 131, 39, 45, 57], [34, 8, 55, 26, 95], [0, 73, 86, 89], [72, 145, 77, 54], [42, 146, 46, 114], [142, 143]], "stats": {"vi": 3.29535752231671, "nvi": 0.7272233402168642, "nid": 0.598304278182934, "nmi": 0.4295993818822325, "ami": 0.31398346228222085}}], "pac_value_function": [{"data": [[129, 130, 3, 4, 6, 7, 8, 9, 10, 11, 15, 16, 17, 18, 21, 22, 23, 24, 25, 26, 27, 29, 30, 32, 33, 34, 36, 37, 43, 44, 48, 49, 51, 52, 55, 59, 60, 61, 62, 63, 65, 94, 95, 96, 97, 98, 99, 100, 115, 116, 117, 118, 119, 120, 121, 122, 123, 124, 125, 126, 127], [86], [106], [145], [89], [77], [105], [58], [93], [54], [112], [47], [68], [74], [46], [144], [2], [104], [110], [64], [102], [88], [128], [0], [91], [66], [111], [139], [138], [73], [85], [13], [92], [53], [137], [75], [5], [87], [12], [50], [133], [20], [84], [142], [76], [56], [1], [108], [81], [72], [39], [71], [69], [31], [41], [101], [113], [67], [146], [107], [70], [38], [35], [40], [57], [28], [78], [79], [109], [90], [14], [82], [141], [45], [114], [135], [132], [83], [136], [131], [103], [42], [140], [80], [143], [134], [19]], "stats": {"vi": 3.323913915083856, "nvi": 0.5967714769203887, "nid": 0.5260404827797087, "nmi": 0.5881589856502241, "ami": 0.14355473721374012}}], "network_block_model_auto_B_discrete-binomial_mcmc_sweep_True": [{"data": [[86], [32], [49], [106], [145], [89], [10], [120], [18], [77], [94], [33], [23], [24], [121], [105], [16], [58], [93], [54], [44], [112], [47], [68], [74], [37], [46], [97], [144], [2], [104], [34], [110], [64], [102], [3], [88], [123], [128], [0], [91], [127], [66], [25], [111], [139], [96], [138], [73], [85], [13], [92], [22], [53], [26], [137], [51], [75], [63], [60], [5], [87], [15], [12], [50], [133], [20], [84], [142], [62], [52], [99], [76], [56], [43], [116], [1], [108], [81], [72], [39], [71], [115], [69], [31], [41], [101], [61], [48], [17], [113], [67], [146], [118], [107], [70], [59], [38], [100], [129], [65], [98], [6], [35], [40], [57], [28], [78], [36], [30], [79], [117], [109], [130], [90], [14], [122], [27], [8], [82], [141], [45], [114], [135], [83], [132], [11], [136], [9], [103], [131], [55], [42], [80], [140], [125], [4], [143], [95], [134], [126], [119], [7], [29], [124], [19], [21]], "stats": {"vi": 4.122550234542237,