{"pac_friends": [{"data": [[129, 2, 3, 4, 130, 6, 7, 131, 133, 136, 11, 15, 16, 17, 18, 23, 25, 27, 29, 30, 32, 33, 36, 39, 43, 44, 45, 48, 49, 51, 57, 58, 59, 60, 61, 62, 63, 65, 87, 96, 98, 99, 100, 115, 116, 117, 118, 119, 120, 121, 122, 123, 124, 125, 126], [0, 1, 128, 5, 12, 13, 19, 20, 28, 31, 35, 38, 40, 41, 47, 50, 53, 56, 66, 67, 68, 69, 70, 71, 73, 74, 75, 76, 78, 79, 80, 81, 82, 83, 84, 85, 88, 89, 90, 91, 92, 93, 101, 102, 103, 104, 105, 106, 107, 108, 109, 110, 111, 112, 113], [97, 34, 37, 8, 9, 10, 46, 114, 52, 21, 22, 55, 24, 26, 127, 94, 95], [132, 137, 138, 141, 14, 145, 54, 86], [144, 139, 135], [64, 134], [72], [146], [77], [42], [140], [142], [143]], "stats": {"vi": 2.9748631401414505, "nvi": 0.7217429218726892, "nid": 0.6272772113207862}}], "pac_selective_friends": [{"data": [[129, 2, 3, 4, 130, 6, 7, 131, 133, 10, 11, 135, 136, 139, 15, 16, 17, 18, 144, 23, 25, 27, 29, 30, 32, 33, 36, 37, 39, 43, 44, 45, 48, 49, 51, 52, 57, 58, 59, 60, 61, 62, 63, 64, 65, 87, 94, 96, 97, 98, 99, 100, 115, 116, 117, 118, 119, 120, 121, 122, 123, 124, 125, 126], [128, 1, 132, 5, 137, 138, 12, 140, 14, 141, 142, 19, 20, 28, 31, 35, 38, 40, 41, 47, 50, 53, 56, 66, 67, 69, 70, 71, 74, 75, 76, 78, 79, 80, 81, 82, 83, 84, 85, 88, 90, 91, 92, 93, 102, 103, 104, 105, 106, 107, 108, 109, 110, 113], [34, 21, 55, 26, 95], [68, 101, 13, 111, 112], [24, 9, 22, 127], [0, 73], [86], [145], [89], [77], [72], [8], [114], [54], [146], [46], [42], [143], [134]], "stats": {"vi": 2.8924451964552813, "nvi": 0.7040172132216858, "nid": 0.6048121485642315}}], "pac_value_function": [{"data": [[129, 130, 3, 4, 6, 7, 8, 9, 10, 11, 15, 16, 17, 18, 21, 22, 23, 24, 25, 26, 27, 29, 30, 32, 33, 34, 36, 37, 43, 44, 48, 49, 51, 52, 55, 59, 60, 61, 62, 63, 65, 94, 95, 96, 97, 98, 99, 100, 115, 116, 117, 118, 119, 120, 121, 122, 123, 124, 125, 126, 127], [86], [106], [145], [89], [77], [105], [58], [93], [54], [112], [47], [68], [74], [46], [144], [2], [104], [110], [64], [102], [88], [128], [0], [91], [66], [111], [139], [138], [73], [85], [13], [92], [53], [137], [75], [5], [87], [12], [50], [133], [20], [84], [142], [76], [56], [1], [108], [81], [72], [39], [71], [69], [31], [41], [101], [113], [67], [146], [107], [70], [38], [35], [40], [57], [28], [78], [79], [109], [90], [14], [82], [141], [45], [114], [135], [132], [83], [136], [131], [103], [42], [140], [80], [143], [134], [19]], "stats": {"vi": 3.323913915083856, "nvi": 0.5967714769203887, "nid": 0.5260404827797087}}]}