{"network_block_model_limit_B_real-exponential_2_clusters": [{"data": [[1, 2, 3, 129, 5, 6, 7, 8, 9, 13, 14, 15, 16, 19, 20, 21, 22, 23, 24, 26, 27, 29, 30, 32, 33, 35, 38, 39, 40, 42, 43, 45, 46, 49, 50, 51, 52, 53, 54, 55, 56, 57, 76, 83, 84, 85, 86, 87, 88, 102, 103, 104, 105, 106, 107, 108, 109, 110, 111, 112, 113, 114, 116, 117, 118, 120, 121, 122, 123, 126], [0, 128, 4, 10, 11, 12, 17, 18, 25, 28, 31, 34, 36, 37, 41, 44, 47, 48, 58, 59, 60, 61, 62, 63, 64, 65, 66, 67, 68, 69, 70, 71, 72, 73, 74, 75, 77, 78, 79, 80, 81, 82, 89, 90, 91, 92, 93, 94, 95, 96, 97, 98, 99, 100, 101, 115, 119, 124, 125, 127]], "stats": {"vi": 2.1470220010686853, "nvi": 0.6897512142133015, "nid": 0.6867318994672954, "nmi": 0.5512072260577702, "ami": 0.30110729528403896, "is_min_vi": true, "is_max_nmi": true}}], "pac_friends": [{"data": [[1, 2, 3, 5, 6, 8, 13, 14, 15, 16, 21, 23, 24, 26, 27, 29, 30, 32, 38, 43, 45, 46, 50, 51, 52, 53, 54, 55, 56, 57, 76, 84, 85, 86, 87, 88, 102, 103, 104, 105, 106, 107, 108, 109, 110, 111, 113, 116, 117, 118, 120, 123], [0, 4, 10, 17, 18, 25, 31, 34, 36, 37, 41, 44, 47, 48, 58, 59, 61, 62, 63, 64, 65, 66, 67, 68, 69, 70, 71, 72, 73, 74, 77, 79, 80, 81, 82, 90, 91, 92, 93, 94, 95, 96, 97, 98, 101, 115], [33, 35, 39, 40, 42, 112, 49, 114, 83, 22], [128, 75, 12, 28, 119, 124, 125, 127], [99, 100, 11, 78, 89, 60], [129, 126], [20, 7], [122], [9], [121], [19]], "stats": {"vi": 2.8231728821727176, "nvi": 0.6967874577505895, "nid": 0.6014834398645812, "nmi": 0.4720121160051445, "ami": 0.3124688582342523}}], "network_block_model_limit_B_discrete-binomial_2_clusters": [{"data": [[1, 2, 3, 129, 5, 6, 7, 8, 9, 13, 14, 15, 16, 19, 20, 21, 22, 23, 24, 26, 27, 29, 30, 32, 33, 35, 38, 39, 40, 42, 43, 45, 46, 49, 50, 51, 52, 53, 54, 55, 56, 57, 76, 83, 84, 85, 86, 87, 88, 102, 103, 104, 105, 106, 107, 108, 109, 110, 111, 112, 113, 114, 116, 117, 118, 120, 121, 122, 123, 126], [0, 128, 4, 10, 11, 12, 17, 18, 25, 28, 31, 34, 36, 37, 41, 44, 47, 48, 58, 59, 60, 61, 62, 63, 64, 65, 66, 67, 68, 69, 70, 71, 72, 73, 74, 75, 77, 78, 79, 80, 81, 82, 89, 90, 91, 92, 93, 94, 95, 96, 97, 98, 99, 100, 101, 115, 119, 124, 125, 127]], "stats": {"vi": 2.1470220010686853, "nvi": 0.6897512142133015, "nid": 0.6867318994672954, "nmi": 0.5512072260577702, "ami": 0.30110729528403896, "is_min_vi": true, "is_max_nmi": true}}], "network_block_model_auto_B_discrete-geometric_mcmc_sweep_True": [{"data": [[2, 5, 6, 8, 13, 15, 26, 27, 29, 30, 32, 38, 43, 45, 52, 53, 54, 55, 56, 57, 83, 84, 85, 86, 87, 103, 104, 105, 107, 110, 111, 112, 113, 117, 120, 122, 123], [4, 10, 34, 41, 44, 58, 62, 64, 70, 71, 72, 73, 79, 80, 81, 90, 91, 93, 95, 96, 97, 98, 119], [128, 11, 12, 17, 18, 25, 28, 48, 60, 66, 69, 75, 77, 78, 89, 99, 100, 124, 125, 127], [33, 3, 102, 7, 39, 9, 42, 76, 108, 14, 46, 16, 114, 51, 20, 21, 23, 24], [0, 65, 67, 36, 37, 68, 101, 74, 47, 63, 82, 115, 59, 92, 61, 94, 31], [1, 35, 40, 106, 109, 49, 116, 118, 88], [129, 50, 19, 22, 121, 126]], "stats": {"vi": 3.2158009733565205, "nvi": 0.7208424945639614, "nid": 0.5960197325373711, "nmi": 0.43788940251099817, "ami": 0.32909589814592716}}], "k_means_126_clusters": [{"data": [[124, 125], [129, 126], [48, 28], [89, 60], [86], [32], [49], [106], [10], [120], [18], [77], [94], [33], [23], [24], [121], [105], [16], [58], [93], [54], [44], [112], [47], [68], [74], [37], [46], [97], [2], [104], [34], [110], [64], [102], [3], [88], [123], [128], [0], [91], [127], [66], [25], [111], [96], [73], [85], [13], [92], [22], [53], [26], [51], [75], [63], [5], [87], [15], [12], [50], [20], [84], [62], [52], [99], [76], [56], [43], [116], [1], [108], [81], [72], [39], [71], [115], [69], [31], [41], [101], [61], [17], [113], [67], [118], [107], [70], [59], [38], [100], [65], [98], [6], [35], [40], [57], [78], [36], [30], [79], [117], [109], [90], [14], [122], [27], [8], [82], [45], [114], [83], [11], [9], [103], [55], [42], [80], [4], [95], [119], [7], [29], [19], [21]], "stats": {"vi": 3.878081968027003, "nvi": 0.557129297703137, "nid": 0.557129297703137, "nmi": 0.6654853133592531, "ami": 0.013599082460989254, "is_max_nmi": true}}], "pac_selective_friends": [{"data": [[1, 2, 3, 129, 5, 6, 8, 9, 13, 14, 15, 16, 21, 23, 24, 26, 27, 29, 30, 32, 33, 35, 38, 39, 40, 42, 43, 45, 46, 49, 50, 52, 53, 54, 55, 56, 57, 76, 83, 84, 85, 86, 87, 88, 102, 103, 104, 105, 106, 107, 108, 109, 110, 111, 112, 113, 116, 117, 118, 120, 122, 123, 126], [0, 128, 4, 10, 12, 17, 18, 25, 28, 31, 34, 36, 37, 41, 44, 47, 48, 58, 59, 61, 62, 63, 64, 65, 66, 67, 68, 69, 70, 71, 72, 73, 74, 77, 79, 80, 81, 82, 90, 91, 92, 93, 94, 95, 96, 97, 98, 101, 115, 119, 124, 125, 127], [99, 100, 11, 89, 60], [7, 114, 51, 20, 22], [121], [75], [78], [19]], "stats": {"vi": 2.504454408813823, "nvi": 0.6957736963405412, "nid": 0.6447746532048153, "nmi": 0.4912595459827606, "ami": 0.29834439428798026}}], "network_block_model_auto_B_real-exponential_mcmc_sweep_True": [{"data": [[2, 5, 6, 8, 9, 13, 15, 20, 21, 26, 27, 29, 30, 32, 33, 38, 42, 43, 45, 52, 53, 54, 55, 56, 57, 76, 83, 84, 85, 86, 87, 103, 104, 105, 107, 108, 110, 111, 113, 117, 120, 122, 123], [0, 10, 31, 34, 36, 37, 44, 47, 58, 59, 61, 62, 63, 64, 65, 67, 68, 72, 74, 79, 80, 81, 82, 90, 92, 94, 97, 101, 115, 119], [129, 3, 102, 7, 39, 14, 46, 16, 50, 19, 51, 114, 22, 23, 24, 121, 126], [96, 128, 98, 4, 69, 70, 71, 41, 73, 12, 77, 18, 25, 91, 93, 95], [66, 99, 100, 11, 75, 60, 78, 48, 17, 124, 89, 28, 125, 127], [1, 35, 40, 106, 109, 112, 49, 116, 118, 88]], "stats": {"vi": 3.106200031806483, "nvi": 0.7230668660096168, "nid": 0.6140883034437968, "nmi": 0.43711838750992715, "ami": 0.32190160982190835}}], "pac_value_function": [{"data": [[1, 2, 3, 5, 6, 8, 9, 13, 14, 15, 16, 20, 21, 22, 23, 24, 26, 27, 29, 30, 32, 33, 35, 38, 39, 40, 42, 43, 45, 46, 49, 50, 51, 52, 53, 54, 55, 56, 57, 76, 83, 84, 85, 86, 87, 88, 102, 103, 104, 105, 106, 107, 108, 109, 110, 111, 112, 113, 114, 116, 117, 118, 120, 123], [91], [62], [99], [127], [66], [89], [28], [10], [25], [18], [36], [78], [79], [81], [77], [94], [96], [73], [90], [72], [122], [71], [121], [82], [92], [115], [69], [31], [41], [58], [93], [61], [101], [48], [11], [17], [44], [67], [47], [68], [74], [37], [63], [60], [75], [70], [97], [59], [80], [12], [125], [4], [95], [100], [126], [34], [129], [64], [119], [7], [65], [98], [124], [19], [128], [0]], "stats": {"vi": 3.1899293481706343, "nvi": 0.6169361088756652, "nid": 0.5131721020171716, "nmi": 0.5592742255044496, "ami": 0.15683123982507302}}], "network_block_model_auto_B_discrete-binomial_mcmc_sweep_True": [{"data": [[86], [32], [49], [106], [89], [10], [120], [18], [77], [94], [33], [23], [24], [121], [105], [16], [58], [93], [54], [44], [112], [47], [68], [74], [37], [46], [97], [2], [104], [34], [110], [64], [102], [3], [88], [123], [128], [0], [91], [127], [66], [25], [111], [96], [73], [85], [13], [92], [22], [53], [26], [51], [75], [63], [60], [5], [87], [15], [12], [50], [20], [84], [62], [52], [99], [76], [56], [43], [116], [1], [108], [81], [72], [39], [71], [115], [69], [31], [41], [101], [61], [48], [17], [113], [67], [118], [107], [70], [59], [38], [100], [129], [65], [98], [6], [35], [40], [57], [28], [78], [36], [30], [79], [117], [109], [90], [14], [122], [27], [8], [82], [45], [114], [83], [11], [9], [103], [55], [42], [80], [125], [4], [95], [126], [119], [7], [29], [124], [19], [21]], "stats": {"vi": 3.9396204295654633, "nvi": 0.561010265263572, "nid": 0.561010265263572, "nmi": 0.6625630043523622, "ami": -1.0408073564933282e-14}}],